--------------------------------------------------------
-- Archivo creado  - sábado-febrero-29-2020   
--------------------------------------------------------
--------------------------------------------------------
--  DDL for Table MET01_CORRELATIVO
--------------------------------------------------------

  CREATE TABLE "MET01"."MET01_CORRELATIVO" 
   (	"CORRELATIVO" NUMBER, 
	"CORRELATIVO_ACTUAL" NUMBER, 
	"DESCRIPCION" VARCHAR2(50 BYTE), 
	"ESTADO_REGISTRO" CHAR(1 BYTE), 
	"USUARIO_CREACION" VARCHAR2(50 BYTE), 
	"FECHA_CREACION" DATE, 
	"USUARIO_MODIFICACION" VARCHAR2(50 BYTE), 
	"FECHA_MODIFICACION" DATE
   ) SEGMENT CREATION IMMEDIATE 
  PCTFREE 10 PCTUSED 40 INITRANS 1 MAXTRANS 255 NOCOMPRESS LOGGING
  STORAGE(INITIAL 65536 NEXT 1048576 MINEXTENTS 1 MAXEXTENTS 2147483645
  PCTINCREASE 0 FREELISTS 1 FREELIST GROUPS 1 BUFFER_POOL DEFAULT FLASH_CACHE DEFAULT CELL_FLASH_CACHE DEFAULT)
  TABLESPACE "TBSAPPJVMETRO" ;
--------------------------------------------------------
--  DDL for Table MET01_ENCARGADO
--------------------------------------------------------

  CREATE TABLE "MET01"."MET01_ENCARGADO" 
   (	"ENCARGADO" NUMBER, 
	"NOMBRE" VARCHAR2(150 BYTE), 
	"TELEFONO" VARCHAR2(25 BYTE), 
	"TALLA" VARCHAR2(10 BYTE), 
	"ESTADO_REGISTRO" CHAR(1 BYTE), 
	"USUARIO_CREACION" VARCHAR2(50 BYTE), 
	"FECHA_CREACION" DATE, 
	"USUARIO_MODIFICACION" VARCHAR2(50 BYTE), 
	"FECHA_MODIFICACION" DATE
   ) SEGMENT CREATION IMMEDIATE 
  PCTFREE 10 PCTUSED 40 INITRANS 1 MAXTRANS 255 NOCOMPRESS LOGGING
  STORAGE(INITIAL 65536 NEXT 1048576 MINEXTENTS 1 MAXEXTENTS 2147483645
  PCTINCREASE 0 FREELISTS 1 FREELIST GROUPS 1 BUFFER_POOL DEFAULT FLASH_CACHE DEFAULT CELL_FLASH_CACHE DEFAULT)
  TABLESPACE "TBSAPPJVMETRO" ;
--------------------------------------------------------
--  DDL for Table MET01_EVENTO
--------------------------------------------------------

  CREATE TABLE "MET01"."MET01_EVENTO" 
   (	"EVENTO" NUMBER, 
	"NOMBRE" VARCHAR2(100 BYTE), 
	"ESTADO_REGISTRO" CHAR(1 BYTE), 
	"USUARIO_CREACION" VARCHAR2(50 BYTE), 
	"FECHA_CREACION" DATE, 
	"USUARIO_MODIFICACION" VARCHAR2(50 BYTE), 
	"FECHA_MODIFICACION" DATE
   ) SEGMENT CREATION IMMEDIATE 
  PCTFREE 10 PCTUSED 40 INITRANS 1 MAXTRANS 255 NOCOMPRESS LOGGING
  STORAGE(INITIAL 65536 NEXT 1048576 MINEXTENTS 1 MAXEXTENTS 2147483645
  PCTINCREASE 0 FREELISTS 1 FREELIST GROUPS 1 BUFFER_POOL DEFAULT FLASH_CACHE DEFAULT CELL_FLASH_CACHE DEFAULT)
  TABLESPACE "TBSAPPJVMETRO" ;
--------------------------------------------------------
--  DDL for Table MET01_IGLESIA
--------------------------------------------------------

  CREATE TABLE "MET01"."MET01_IGLESIA" 
   (	"IGLESIA" NUMBER, 
	"NOMBRE" VARCHAR2(250 BYTE), 
	"REGION" NUMBER, 
	"ENCARGADO" NUMBER, 
	"PASTOR" NUMBER, 
	"ESTADO_REGISTRO" CHAR(1 BYTE), 
	"USUARIO_CREACION" VARCHAR2(50 BYTE), 
	"FECHA_CREACION" DATE, 
	"USUARIO_MODIFICACION" VARCHAR2(50 BYTE), 
	"FECHA_MODIFICACION" DATE
   ) SEGMENT CREATION IMMEDIATE 
  PCTFREE 10 PCTUSED 40 INITRANS 1 MAXTRANS 255 NOCOMPRESS LOGGING
  STORAGE(INITIAL 65536 NEXT 1048576 MINEXTENTS 1 MAXEXTENTS 2147483645
  PCTINCREASE 0 FREELISTS 1 FREELIST GROUPS 1 BUFFER_POOL DEFAULT FLASH_CACHE DEFAULT CELL_FLASH_CACHE DEFAULT)
  TABLESPACE "TBSAPPJVMETRO" ;
--------------------------------------------------------
--  DDL for Table MET01_PASTOR
--------------------------------------------------------

  CREATE TABLE "MET01"."MET01_PASTOR" 
   (	"PASTOR" NUMBER, 
	"NOMBRE" VARCHAR2(150 BYTE), 
	"ESTADO_REGISTRO" CHAR(1 BYTE), 
	"USUARIO_CREACION" VARCHAR2(50 BYTE), 
	"FECHA_CREACION" DATE, 
	"USUARIO_MODIFICACION" VARCHAR2(50 BYTE), 
	"FECHA_MODIFICACION" DATE
   ) SEGMENT CREATION IMMEDIATE 
  PCTFREE 10 PCTUSED 40 INITRANS 1 MAXTRANS 255 NOCOMPRESS LOGGING
  STORAGE(INITIAL 65536 NEXT 1048576 MINEXTENTS 1 MAXEXTENTS 2147483645
  PCTINCREASE 0 FREELISTS 1 FREELIST GROUPS 1 BUFFER_POOL DEFAULT FLASH_CACHE DEFAULT CELL_FLASH_CACHE DEFAULT)
  TABLESPACE "TBSAPPJVMETRO" ;
--------------------------------------------------------
--  DDL for Table MET01_RECIBO
--------------------------------------------------------

  CREATE TABLE "MET01"."MET01_RECIBO" 
   (	"RECIBO" NUMBER, 
	"NOMBRE" VARCHAR2(250 BYTE), 
	"TOTAL" NUMBER, 
	"TOTAL_LETRAS" VARCHAR2(500 BYTE), 
	"CONCEPTO" VARCHAR2(500 BYTE), 
	"EVENTO" NUMBER, 
	"IGLESIA" NUMBER, 
	"ESTADO_REGISTRO" CHAR(1 BYTE), 
	"USUARIO_CREACION" VARCHAR2(50 BYTE), 
	"FECHA_CREACION" DATE, 
	"USUARIO_MODIFICACION" VARCHAR2(50 BYTE), 
	"FECHA_MODIFICACION" DATE
   ) SEGMENT CREATION IMMEDIATE 
  PCTFREE 10 PCTUSED 40 INITRANS 1 MAXTRANS 255 NOCOMPRESS LOGGING
  STORAGE(INITIAL 65536 NEXT 1048576 MINEXTENTS 1 MAXEXTENTS 2147483645
  PCTINCREASE 0 FREELISTS 1 FREELIST GROUPS 1 BUFFER_POOL DEFAULT FLASH_CACHE DEFAULT CELL_FLASH_CACHE DEFAULT)
  TABLESPACE "TBSAPPJVMETRO" ;
--------------------------------------------------------
--  DDL for Table MET01_RECIBO_OFICINA
--------------------------------------------------------

  CREATE TABLE "MET01"."MET01_RECIBO_OFICINA" 
   (	"RECIBO" NUMBER, 
	"RECIBO_OFICINA" VARCHAR2(100 BYTE), 
	"NOMBRE" VARCHAR2(250 BYTE), 
	"TOTAL" NUMBER, 
	"TOTAL_LETRAS" VARCHAR2(500 BYTE), 
	"CONCEPTO" VARCHAR2(500 BYTE), 
	"EVENTO" NUMBER, 
	"IGLESIA" NUMBER, 
	"ESTADO_REGISTRO" CHAR(1 BYTE), 
	"USUARIO_CREACION" VARCHAR2(50 BYTE), 
	"FECHA_CREACION" DATE, 
	"USUARIO_MODIFICACION" VARCHAR2(50 BYTE), 
	"FECHA_MODIFICACION" DATE
   ) SEGMENT CREATION IMMEDIATE 
  PCTFREE 10 PCTUSED 40 INITRANS 1 MAXTRANS 255 NOCOMPRESS LOGGING
  STORAGE(INITIAL 65536 NEXT 1048576 MINEXTENTS 1 MAXEXTENTS 2147483645
  PCTINCREASE 0 FREELISTS 1 FREELIST GROUPS 1 BUFFER_POOL DEFAULT FLASH_CACHE DEFAULT CELL_FLASH_CACHE DEFAULT)
  TABLESPACE "TBSAPPJVMETRO" ;
--------------------------------------------------------
--  DDL for Table MET01_REGION
--------------------------------------------------------

  CREATE TABLE "MET01"."MET01_REGION" 
   (	"REGION" NUMBER, 
	"NOMBRE" VARCHAR2(100 BYTE), 
	"ESTADO_REGISTRO" CHAR(1 BYTE), 
	"USUARIO_CREACION" VARCHAR2(50 BYTE), 
	"FECHA_CREACION" DATE, 
	"USUARIO_MODIFICACION" VARCHAR2(50 BYTE), 
	"FECHA_MODIFICACION" DATE
   ) SEGMENT CREATION IMMEDIATE 
  PCTFREE 10 PCTUSED 40 INITRANS 1 MAXTRANS 255 NOCOMPRESS LOGGING
  STORAGE(INITIAL 65536 NEXT 1048576 MINEXTENTS 1 MAXEXTENTS 2147483645
  PCTINCREASE 0 FREELISTS 1 FREELIST GROUPS 1 BUFFER_POOL DEFAULT FLASH_CACHE DEFAULT CELL_FLASH_CACHE DEFAULT)
  TABLESPACE "TBSAPPJVMETRO" ;
--------------------------------------------------------
--  DDL for Table MET01_TIPO_USUARIO
--------------------------------------------------------

  CREATE TABLE "MET01"."MET01_TIPO_USUARIO" 
   (	"TIPO_USUARIO" NUMBER, 
	"DESCRIPCION" VARCHAR2(250 BYTE), 
	"ESTADO_REGISTRO" CHAR(1 BYTE), 
	"USUARIO_CREACION" VARCHAR2(50 BYTE), 
	"FECHA_CREACION" DATE, 
	"USUARIO_MODIFICACION" VARCHAR2(50 BYTE), 
	"FECHA_MODIFICACION" DATE
   ) SEGMENT CREATION IMMEDIATE 
  PCTFREE 10 PCTUSED 40 INITRANS 1 MAXTRANS 255 NOCOMPRESS LOGGING
  STORAGE(INITIAL 65536 NEXT 1048576 MINEXTENTS 1 MAXEXTENTS 2147483645
  PCTINCREASE 0 FREELISTS 1 FREELIST GROUPS 1 BUFFER_POOL DEFAULT FLASH_CACHE DEFAULT CELL_FLASH_CACHE DEFAULT)
  TABLESPACE "TBSAPPJVMETRO" ;
--------------------------------------------------------
--  DDL for Table MET01_USUARIO
--------------------------------------------------------

  CREATE TABLE "MET01"."MET01_USUARIO" 
   (	"USUARIO" VARCHAR2(50 BYTE), 
	"TIPO_USUARIO" NUMBER, 
	"NOMBRE" VARCHAR2(150 BYTE), 
	"DESCRIPCION" VARCHAR2(100 BYTE), 
	"PASSWORD" VARCHAR2(250 BYTE), 
	"EMAIL" VARCHAR2(100 BYTE), 
	"ESTADO_REGISTRO" CHAR(1 BYTE), 
	"USUARIO_CREACION" VARCHAR2(50 BYTE), 
	"FECHA_CREACION" DATE, 
	"USUARIO_MODIFICACION" VARCHAR2(50 BYTE), 
	"FECHA_MODIFICACION" DATE
   ) SEGMENT CREATION IMMEDIATE 
  PCTFREE 10 PCTUSED 40 INITRANS 1 MAXTRANS 255 NOCOMPRESS LOGGING
  STORAGE(INITIAL 65536 NEXT 1048576 MINEXTENTS 1 MAXEXTENTS 2147483645
  PCTINCREASE 0 FREELISTS 1 FREELIST GROUPS 1 BUFFER_POOL DEFAULT FLASH_CACHE DEFAULT CELL_FLASH_CACHE DEFAULT)
  TABLESPACE "TBSAPPJVMETRO" ;
REM INSERTING into MET01.MET01_CORRELATIVO
SET DEFINE OFF;
Insert into MET01.MET01_CORRELATIVO (CORRELATIVO,CORRELATIVO_ACTUAL,DESCRIPCION,ESTADO_REGISTRO,USUARIO_CREACION,FECHA_CREACION,USUARIO_MODIFICACION,FECHA_MODIFICACION) values (1,372,'CORRELATIVO RECIBO','A','MET01',to_date('31/10/2018 02:43:53','DD/MM/RRRR HH24:MI:SS'),null,null);
REM INSERTING into MET01.MET01_ENCARGADO
SET DEFINE OFF;
Insert into MET01.MET01_ENCARGADO (ENCARGADO,NOMBRE,TELEFONO,TALLA,ESTADO_REGISTRO,USUARIO_CREACION,FECHA_CREACION,USUARIO_MODIFICACION,FECHA_MODIFICACION) values (70,'CARLOS MONZON','58048875',null,'A','MFERNANDEZ',to_date('03/11/2018 09:21:52','DD/MM/RRRR HH24:MI:SS'),'MFERNANDEZ',to_date('15/02/2020 15:00:51','DD/MM/RRRR HH24:MI:SS'));
Insert into MET01.MET01_ENCARGADO (ENCARGADO,NOMBRE,TELEFONO,TALLA,ESTADO_REGISTRO,USUARIO_CREACION,FECHA_CREACION,USUARIO_MODIFICACION,FECHA_MODIFICACION) values (74,'ABDIAS MORENO','56118878',null,'A','MFERNANDEZ',to_date('03/11/2018 13:09:50','DD/MM/RRRR HH24:MI:SS'),'MFERNANDEZ',to_date('15/02/2020 14:46:49','DD/MM/RRRR HH24:MI:SS'));
Insert into MET01.MET01_ENCARGADO (ENCARGADO,NOMBRE,TELEFONO,TALLA,ESTADO_REGISTRO,USUARIO_CREACION,FECHA_CREACION,USUARIO_MODIFICACION,FECHA_MODIFICACION) values (76,'JOSUE CAMEY','35448952',null,'A','MFERNANDEZ',to_date('02/03/2019 09:44:27','DD/MM/RRRR HH24:MI:SS'),'MFERNANDEZ',to_date('15/02/2020 15:10:22','DD/MM/RRRR HH24:MI:SS'));
Insert into MET01.MET01_ENCARGADO (ENCARGADO,NOMBRE,TELEFONO,TALLA,ESTADO_REGISTRO,USUARIO_CREACION,FECHA_CREACION,USUARIO_MODIFICACION,FECHA_MODIFICACION) values (79,'DAVID LOPEZ','42512446',null,'A','MFERNANDEZ',to_date('02/03/2019 13:50:52','DD/MM/RRRR HH24:MI:SS'),'MFERNANDEZ',to_date('11/05/2019 11:20:28','DD/MM/RRRR HH24:MI:SS'));
Insert into MET01.MET01_ENCARGADO (ENCARGADO,NOMBRE,TELEFONO,TALLA,ESTADO_REGISTRO,USUARIO_CREACION,FECHA_CREACION,USUARIO_MODIFICACION,FECHA_MODIFICACION) values (80,'JONATAN CALLEJAS','0',null,'A','MFERNANDEZ',to_date('02/03/2019 16:11:44','DD/MM/RRRR HH24:MI:SS'),null,null);
Insert into MET01.MET01_ENCARGADO (ENCARGADO,NOMBRE,TELEFONO,TALLA,ESTADO_REGISTRO,USUARIO_CREACION,FECHA_CREACION,USUARIO_MODIFICACION,FECHA_MODIFICACION) values (82,'PAULINO MUZ','50343542',null,'A','MFERNANDEZ',to_date('11/05/2019 10:26:17','DD/MM/RRRR HH24:MI:SS'),null,null);
Insert into MET01.MET01_ENCARGADO (ENCARGADO,NOMBRE,TELEFONO,TALLA,ESTADO_REGISTRO,USUARIO_CREACION,FECHA_CREACION,USUARIO_MODIFICACION,FECHA_MODIFICACION) values (60,'OSMAN LEMUS','31070423',null,'A','MET01',to_date('30/06/2018 17:42:42','DD/MM/RRRR HH24:MI:SS'),null,null);
Insert into MET01.MET01_ENCARGADO (ENCARGADO,NOMBRE,TELEFONO,TALLA,ESTADO_REGISTRO,USUARIO_CREACION,FECHA_CREACION,USUARIO_MODIFICACION,FECHA_MODIFICACION) values (61,'OSCAR ALEXANDER PUNAY HERNANDEZ','53402332',null,'A','MET01',to_date('01/07/2018 10:22:34','DD/MM/RRRR HH24:MI:SS'),'MFERNANDEZ',to_date('03/11/2018 08:53:49','DD/MM/RRRR HH24:MI:SS'));
Insert into MET01.MET01_ENCARGADO (ENCARGADO,NOMBRE,TELEFONO,TALLA,ESTADO_REGISTRO,USUARIO_CREACION,FECHA_CREACION,USUARIO_MODIFICACION,FECHA_MODIFICACION) values (69,'JOSUE SALES','40201065',null,'A','MFERNANDEZ',to_date('03/11/2018 08:58:19','DD/MM/RRRR HH24:MI:SS'),'MFERNANDEZ',to_date('02/03/2019 09:33:43','DD/MM/RRRR HH24:MI:SS'));
Insert into MET01.MET01_ENCARGADO (ENCARGADO,NOMBRE,TELEFONO,TALLA,ESTADO_REGISTRO,USUARIO_CREACION,FECHA_CREACION,USUARIO_MODIFICACION,FECHA_MODIFICACION) values (71,'EMERSON TORRES','54514584',null,'A','MFERNANDEZ',to_date('03/11/2018 09:31:29','DD/MM/RRRR HH24:MI:SS'),null,null);
Insert into MET01.MET01_ENCARGADO (ENCARGADO,NOMBRE,TELEFONO,TALLA,ESTADO_REGISTRO,USUARIO_CREACION,FECHA_CREACION,USUARIO_MODIFICACION,FECHA_MODIFICACION) values (72,'JORGE DAVID PEREZ','51372180',null,'A','MFERNANDEZ',to_date('03/11/2018 09:44:12','DD/MM/RRRR HH24:MI:SS'),null,null);
Insert into MET01.MET01_ENCARGADO (ENCARGADO,NOMBRE,TELEFONO,TALLA,ESTADO_REGISTRO,USUARIO_CREACION,FECHA_CREACION,USUARIO_MODIFICACION,FECHA_MODIFICACION) values (73,'OSVIN ONELIO AREVALO ','46149469',null,'A','MFERNANDEZ',to_date('03/11/2018 10:05:02','DD/MM/RRRR HH24:MI:SS'),null,null);
Insert into MET01.MET01_ENCARGADO (ENCARGADO,NOMBRE,TELEFONO,TALLA,ESTADO_REGISTRO,USUARIO_CREACION,FECHA_CREACION,USUARIO_MODIFICACION,FECHA_MODIFICACION) values (77,'MYNOR DE LA ROSA SAMAYOA ','48688985',null,'A','MFERNANDEZ',to_date('02/03/2019 10:03:26','DD/MM/RRRR HH24:MI:SS'),null,null);
Insert into MET01.MET01_ENCARGADO (ENCARGADO,NOMBRE,TELEFONO,TALLA,ESTADO_REGISTRO,USUARIO_CREACION,FECHA_CREACION,USUARIO_MODIFICACION,FECHA_MODIFICACION) values (83,'MANUEL CAYEJAS','47491231',null,'A','MFERNANDEZ',to_date('11/05/2019 11:10:00','DD/MM/RRRR HH24:MI:SS'),null,null);
Insert into MET01.MET01_ENCARGADO (ENCARGADO,NOMBRE,TELEFONO,TALLA,ESTADO_REGISTRO,USUARIO_CREACION,FECHA_CREACION,USUARIO_MODIFICACION,FECHA_MODIFICACION) values (58,'DIEGO GABRIEL RODAS JOHAY','41752223',null,'A','MET01',to_date('29/06/2018 21:03:03','DD/MM/RRRR HH24:MI:SS'),'JCATUN',to_date('12/12/2019 18:56:34','DD/MM/RRRR HH24:MI:SS'));
Insert into MET01.MET01_ENCARGADO (ENCARGADO,NOMBRE,TELEFONO,TALLA,ESTADO_REGISTRO,USUARIO_CREACION,FECHA_CREACION,USUARIO_MODIFICACION,FECHA_MODIFICACION) values (59,'SAMUEL DOMINGO','41931528',null,'A','MET01',to_date('29/06/2018 21:15:39','DD/MM/RRRR HH24:MI:SS'),null,null);
Insert into MET01.MET01_ENCARGADO (ENCARGADO,NOMBRE,TELEFONO,TALLA,ESTADO_REGISTRO,USUARIO_CREACION,FECHA_CREACION,USUARIO_MODIFICACION,FECHA_MODIFICACION) values (62,'MISAEL CHAVEZ','50769612',null,'A','MET01',to_date('25/08/2018 12:28:46','DD/MM/RRRR HH24:MI:SS'),'JCATUN',to_date('12/12/2019 10:58:05','DD/MM/RRRR HH24:MI:SS'));
Insert into MET01.MET01_ENCARGADO (ENCARGADO,NOMBRE,TELEFONO,TALLA,ESTADO_REGISTRO,USUARIO_CREACION,FECHA_CREACION,USUARIO_MODIFICACION,FECHA_MODIFICACION) values (63,'SAUL AREVALO','42637652
',null,'A','MET01',to_date('25/08/2018 12:28:46','DD/MM/RRRR HH24:MI:SS'),null,null);
Insert into MET01.MET01_ENCARGADO (ENCARGADO,NOMBRE,TELEFONO,TALLA,ESTADO_REGISTRO,USUARIO_CREACION,FECHA_CREACION,USUARIO_MODIFICACION,FECHA_MODIFICACION) values (64,'ESTUARDO GIRON
','52157218
',null,'A','MET01',to_date('25/08/2018 12:28:46','DD/MM/RRRR HH24:MI:SS'),null,null);
Insert into MET01.MET01_ENCARGADO (ENCARGADO,NOMBRE,TELEFONO,TALLA,ESTADO_REGISTRO,USUARIO_CREACION,FECHA_CREACION,USUARIO_MODIFICACION,FECHA_MODIFICACION) values (65,'DAVID GARCIA','52157218
',null,'A','MET01',to_date('25/08/2018 12:28:46','DD/MM/RRRR HH24:MI:SS'),null,null);
Insert into MET01.MET01_ENCARGADO (ENCARGADO,NOMBRE,TELEFONO,TALLA,ESTADO_REGISTRO,USUARIO_CREACION,FECHA_CREACION,USUARIO_MODIFICACION,FECHA_MODIFICACION) values (66,'GAMALIEL NOVA','42424395',null,'A','MET01',to_date('25/08/2018 12:28:46','DD/MM/RRRR HH24:MI:SS'),'JCATUN',to_date('12/12/2019 19:40:14','DD/MM/RRRR HH24:MI:SS'));
Insert into MET01.MET01_ENCARGADO (ENCARGADO,NOMBRE,TELEFONO,TALLA,ESTADO_REGISTRO,USUARIO_CREACION,FECHA_CREACION,USUARIO_MODIFICACION,FECHA_MODIFICACION) values (67,'ISAAC VASQUEZ','52157218
',null,'A','MET01',to_date('25/08/2018 12:28:46','DD/MM/RRRR HH24:MI:SS'),null,null);
Insert into MET01.MET01_ENCARGADO (ENCARGADO,NOMBRE,TELEFONO,TALLA,ESTADO_REGISTRO,USUARIO_CREACION,FECHA_CREACION,USUARIO_MODIFICACION,FECHA_MODIFICACION) values (78,'KEVIN ISAI GARCIA GARCIA','31060989',null,'A','MFERNANDEZ',to_date('02/03/2019 13:46:38','DD/MM/RRRR HH24:MI:SS'),null,null);
Insert into MET01.MET01_ENCARGADO (ENCARGADO,NOMBRE,TELEFONO,TALLA,ESTADO_REGISTRO,USUARIO_CREACION,FECHA_CREACION,USUARIO_MODIFICACION,FECHA_MODIFICACION) values (84,'MARCO AGUSTO AJVIX','45986023',null,'A','MFERNANDEZ',to_date('15/02/2020 11:29:50','DD/MM/RRRR HH24:MI:SS'),null,null);
Insert into MET01.MET01_ENCARGADO (ENCARGADO,NOMBRE,TELEFONO,TALLA,ESTADO_REGISTRO,USUARIO_CREACION,FECHA_CREACION,USUARIO_MODIFICACION,FECHA_MODIFICACION) values (86,'MARVIN ENRIQUE MACX','48304796',null,'A','MFERNANDEZ',to_date('15/02/2020 13:44:47','DD/MM/RRRR HH24:MI:SS'),null,null);
Insert into MET01.MET01_ENCARGADO (ENCARGADO,NOMBRE,TELEFONO,TALLA,ESTADO_REGISTRO,USUARIO_CREACION,FECHA_CREACION,USUARIO_MODIFICACION,FECHA_MODIFICACION) values (1,'MAVERICK ALVARADO','33788223','M','A','MET01',to_date('26/04/2018 00:00:00','DD/MM/RRRR HH24:MI:SS'),'JCATUN',to_date('12/12/2019 10:43:21','DD/MM/RRRR HH24:MI:SS'));
Insert into MET01.MET01_ENCARGADO (ENCARGADO,NOMBRE,TELEFONO,TALLA,ESTADO_REGISTRO,USUARIO_CREACION,FECHA_CREACION,USUARIO_MODIFICACION,FECHA_MODIFICACION) values (2,'JOSUE DONIZ','41199265','M','A','MET01',to_date('26/04/2018 00:00:00','DD/MM/RRRR HH24:MI:SS'),'MFERNANDEZ',to_date('02/03/2019 10:29:13','DD/MM/RRRR HH24:MI:SS'));
Insert into MET01.MET01_ENCARGADO (ENCARGADO,NOMBRE,TELEFONO,TALLA,ESTADO_REGISTRO,USUARIO_CREACION,FECHA_CREACION,USUARIO_MODIFICACION,FECHA_MODIFICACION) values (3,'SAMUEL FLORES','40136765','S','A','MET01',to_date('26/04/2018 00:00:00','DD/MM/RRRR HH24:MI:SS'),null,null);
Insert into MET01.MET01_ENCARGADO (ENCARGADO,NOMBRE,TELEFONO,TALLA,ESTADO_REGISTRO,USUARIO_CREACION,FECHA_CREACION,USUARIO_MODIFICACION,FECHA_MODIFICACION) values (4,'GUSTAVO ADOLFO LOPEZ MARTINEZ','51467532','L','A','MET01',to_date('26/04/2018 00:00:00','DD/MM/RRRR HH24:MI:SS'),null,null);
Insert into MET01.MET01_ENCARGADO (ENCARGADO,NOMBRE,TELEFONO,TALLA,ESTADO_REGISTRO,USUARIO_CREACION,FECHA_CREACION,USUARIO_MODIFICACION,FECHA_MODIFICACION) values (5,'JESUS ARMANDO ESPAÑA','43825392','M','A','MET01',to_date('26/04/2018 00:00:00','DD/MM/RRRR HH24:MI:SS'),null,null);
Insert into MET01.MET01_ENCARGADO (ENCARGADO,NOMBRE,TELEFONO,TALLA,ESTADO_REGISTRO,USUARIO_CREACION,FECHA_CREACION,USUARIO_MODIFICACION,FECHA_MODIFICACION) values (6,'MAURICIO SOC','59190481','M','A','MET01',to_date('26/04/2018 00:00:00','DD/MM/RRRR HH24:MI:SS'),'JCATUN',to_date('12/12/2019 10:51:48','DD/MM/RRRR HH24:MI:SS'));
Insert into MET01.MET01_ENCARGADO (ENCARGADO,NOMBRE,TELEFONO,TALLA,ESTADO_REGISTRO,USUARIO_CREACION,FECHA_CREACION,USUARIO_MODIFICACION,FECHA_MODIFICACION) values (7,'DAVID RAMIREZ','35176416','S','A','MET01',to_date('26/04/2018 00:00:00','DD/MM/RRRR HH24:MI:SS'),'JCATUN',to_date('12/12/2019 10:50:46','DD/MM/RRRR HH24:MI:SS'));
Insert into MET01.MET01_ENCARGADO (ENCARGADO,NOMBRE,TELEFONO,TALLA,ESTADO_REGISTRO,USUARIO_CREACION,FECHA_CREACION,USUARIO_MODIFICACION,FECHA_MODIFICACION) values (8,'LUIS MIGUEL MIRANDA SOCOY','35296597','L','A','MET01',to_date('26/04/2018 00:00:00','DD/MM/RRRR HH24:MI:SS'),null,null);
Insert into MET01.MET01_ENCARGADO (ENCARGADO,NOMBRE,TELEFONO,TALLA,ESTADO_REGISTRO,USUARIO_CREACION,FECHA_CREACION,USUARIO_MODIFICACION,FECHA_MODIFICACION) values (9,'ISRAEL CHAVEZ','56968928','M','A','MET01',to_date('26/04/2018 00:00:00','DD/MM/RRRR HH24:MI:SS'),null,null);
Insert into MET01.MET01_ENCARGADO (ENCARGADO,NOMBRE,TELEFONO,TALLA,ESTADO_REGISTRO,USUARIO_CREACION,FECHA_CREACION,USUARIO_MODIFICACION,FECHA_MODIFICACION) values (10,'DOUGLAS MIGUEL SIAN ESTRADA','42091871','XL','A','MET01',to_date('26/04/2018 00:00:00','DD/MM/RRRR HH24:MI:SS'),null,null);
Insert into MET01.MET01_ENCARGADO (ENCARGADO,NOMBRE,TELEFONO,TALLA,ESTADO_REGISTRO,USUARIO_CREACION,FECHA_CREACION,USUARIO_MODIFICACION,FECHA_MODIFICACION) values (11,'CARLOS NAJERA JUNIOR','43617182','M','A','MET01',to_date('26/04/2018 00:00:00','DD/MM/RRRR HH24:MI:SS'),'MFERNANDEZ',to_date('15/02/2020 15:40:13','DD/MM/RRRR HH24:MI:SS'));
Insert into MET01.MET01_ENCARGADO (ENCARGADO,NOMBRE,TELEFONO,TALLA,ESTADO_REGISTRO,USUARIO_CREACION,FECHA_CREACION,USUARIO_MODIFICACION,FECHA_MODIFICACION) values (12,'URIEL IVAN MAZARIEGOS AZURDIA','59998595','S','A','MET01',to_date('26/04/2018 00:00:00','DD/MM/RRRR HH24:MI:SS'),'MFERNANDEZ',to_date('02/03/2019 09:42:00','DD/MM/RRRR HH24:MI:SS'));
Insert into MET01.MET01_ENCARGADO (ENCARGADO,NOMBRE,TELEFONO,TALLA,ESTADO_REGISTRO,USUARIO_CREACION,FECHA_CREACION,USUARIO_MODIFICACION,FECHA_MODIFICACION) values (13,'DANIEL GUERRA','41166458',null,'A','MET01',to_date('26/04/2018 00:00:00','DD/MM/RRRR HH24:MI:SS'),'MFERNANDEZ',to_date('02/03/2019 13:39:42','DD/MM/RRRR HH24:MI:SS'));
Insert into MET01.MET01_ENCARGADO (ENCARGADO,NOMBRE,TELEFONO,TALLA,ESTADO_REGISTRO,USUARIO_CREACION,FECHA_CREACION,USUARIO_MODIFICACION,FECHA_MODIFICACION) values (14,'DANIEL FRANCISCO GONZALES','46455581','S','A','MET01',to_date('26/04/2018 00:00:00','DD/MM/RRRR HH24:MI:SS'),null,null);
Insert into MET01.MET01_ENCARGADO (ENCARGADO,NOMBRE,TELEFONO,TALLA,ESTADO_REGISTRO,USUARIO_CREACION,FECHA_CREACION,USUARIO_MODIFICACION,FECHA_MODIFICACION) values (15,'JOSE LUIS CATUN','41117736','S','A','MET01',to_date('26/04/2018 00:00:00','DD/MM/RRRR HH24:MI:SS'),null,null);
Insert into MET01.MET01_ENCARGADO (ENCARGADO,NOMBRE,TELEFONO,TALLA,ESTADO_REGISTRO,USUARIO_CREACION,FECHA_CREACION,USUARIO_MODIFICACION,FECHA_MODIFICACION) values (16,'ADBEEL ISAAC VASQUEZ VARGAS','35151385','M','A','MET01',to_date('26/04/2018 00:00:00','DD/MM/RRRR HH24:MI:SS'),'MFERNANDEZ',to_date('02/03/2019 09:55:20','DD/MM/RRRR HH24:MI:SS'));
Insert into MET01.MET01_ENCARGADO (ENCARGADO,NOMBRE,TELEFONO,TALLA,ESTADO_REGISTRO,USUARIO_CREACION,FECHA_CREACION,USUARIO_MODIFICACION,FECHA_MODIFICACION) values (17,'SILVER VELASQUEZ','33240231','M','A','MET01',to_date('26/04/2018 00:00:00','DD/MM/RRRR HH24:MI:SS'),'MFERNANDEZ',to_date('15/02/2020 11:34:45','DD/MM/RRRR HH24:MI:SS'));
Insert into MET01.MET01_ENCARGADO (ENCARGADO,NOMBRE,TELEFONO,TALLA,ESTADO_REGISTRO,USUARIO_CREACION,FECHA_CREACION,USUARIO_MODIFICACION,FECHA_MODIFICACION) values (18,'BRYAN RODRIGUEZ','40978485','XL','A','MET01',to_date('26/04/2018 00:00:00','DD/MM/RRRR HH24:MI:SS'),'JCATUN',to_date('12/12/2019 11:19:43','DD/MM/RRRR HH24:MI:SS'));
Insert into MET01.MET01_ENCARGADO (ENCARGADO,NOMBRE,TELEFONO,TALLA,ESTADO_REGISTRO,USUARIO_CREACION,FECHA_CREACION,USUARIO_MODIFICACION,FECHA_MODIFICACION) values (19,'WALTER OVALLE','47659095','M','A','MET01',to_date('26/04/2018 00:00:00','DD/MM/RRRR HH24:MI:SS'),'JCATUN',to_date('12/12/2019 10:31:22','DD/MM/RRRR HH24:MI:SS'));
Insert into MET01.MET01_ENCARGADO (ENCARGADO,NOMBRE,TELEFONO,TALLA,ESTADO_REGISTRO,USUARIO_CREACION,FECHA_CREACION,USUARIO_MODIFICACION,FECHA_MODIFICACION) values (20,'CARLOS MANUEL BARRIENTOS','43477301','S','A','MET01',to_date('26/04/2018 00:00:00','DD/MM/RRRR HH24:MI:SS'),null,null);
Insert into MET01.MET01_ENCARGADO (ENCARGADO,NOMBRE,TELEFONO,TALLA,ESTADO_REGISTRO,USUARIO_CREACION,FECHA_CREACION,USUARIO_MODIFICACION,FECHA_MODIFICACION) values (21,'CESAR DE LEON','48116215','XXL','A','MET01',to_date('26/04/2018 00:00:00','DD/MM/RRRR HH24:MI:SS'),'JCATUN',to_date('12/12/2019 12:26:41','DD/MM/RRRR HH24:MI:SS'));
Insert into MET01.MET01_ENCARGADO (ENCARGADO,NOMBRE,TELEFONO,TALLA,ESTADO_REGISTRO,USUARIO_CREACION,FECHA_CREACION,USUARIO_MODIFICACION,FECHA_MODIFICACION) values (22,'BANI GERSON LOPEZ MACARIO','55563354','M','A','MET01',to_date('26/04/2018 00:00:00','DD/MM/RRRR HH24:MI:SS'),null,null);
Insert into MET01.MET01_ENCARGADO (ENCARGADO,NOMBRE,TELEFONO,TALLA,ESTADO_REGISTRO,USUARIO_CREACION,FECHA_CREACION,USUARIO_MODIFICACION,FECHA_MODIFICACION) values (23,'JUAN CARLOS IBAÑEZ','56465242','XL','A','MET01',to_date('26/04/2018 00:00:00','DD/MM/RRRR HH24:MI:SS'),null,null);
Insert into MET01.MET01_ENCARGADO (ENCARGADO,NOMBRE,TELEFONO,TALLA,ESTADO_REGISTRO,USUARIO_CREACION,FECHA_CREACION,USUARIO_MODIFICACION,FECHA_MODIFICACION) values (24,'VICTOR ALFONSO AGUILAR','56208828','M','A','MET01',to_date('26/04/2018 00:00:00','DD/MM/RRRR HH24:MI:SS'),null,null);
Insert into MET01.MET01_ENCARGADO (ENCARGADO,NOMBRE,TELEFONO,TALLA,ESTADO_REGISTRO,USUARIO_CREACION,FECHA_CREACION,USUARIO_MODIFICACION,FECHA_MODIFICACION) values (25,'EDGAR LICARDIE','52138860','L','A','MET01',to_date('26/04/2018 00:00:00','DD/MM/RRRR HH24:MI:SS'),null,null);
Insert into MET01.MET01_ENCARGADO (ENCARGADO,NOMBRE,TELEFONO,TALLA,ESTADO_REGISTRO,USUARIO_CREACION,FECHA_CREACION,USUARIO_MODIFICACION,FECHA_MODIFICACION) values (26,'ERWIN ORLANDO LOCH','50433333','XXL','A','MET01',to_date('26/04/2018 00:00:00','DD/MM/RRRR HH24:MI:SS'),'MFERNANDEZ',to_date('15/02/2020 12:15:36','DD/MM/RRRR HH24:MI:SS'));
Insert into MET01.MET01_ENCARGADO (ENCARGADO,NOMBRE,TELEFONO,TALLA,ESTADO_REGISTRO,USUARIO_CREACION,FECHA_CREACION,USUARIO_MODIFICACION,FECHA_MODIFICACION) values (27,'CARLOS AUGUSTO GRIJALVA ARENAS','58790334','L','A','MET01',to_date('26/04/2018 00:00:00','DD/MM/RRRR HH24:MI:SS'),null,null);
Insert into MET01.MET01_ENCARGADO (ENCARGADO,NOMBRE,TELEFONO,TALLA,ESTADO_REGISTRO,USUARIO_CREACION,FECHA_CREACION,USUARIO_MODIFICACION,FECHA_MODIFICACION) values (28,'ARMANDO CONTRERAS','50180175','L','A','MET01',to_date('26/04/2018 00:00:00','DD/MM/RRRR HH24:MI:SS'),'MFERNANDEZ',to_date('03/11/2018 09:01:50','DD/MM/RRRR HH24:MI:SS'));
Insert into MET01.MET01_ENCARGADO (ENCARGADO,NOMBRE,TELEFONO,TALLA,ESTADO_REGISTRO,USUARIO_CREACION,FECHA_CREACION,USUARIO_MODIFICACION,FECHA_MODIFICACION) values (29,'LUIS ARTURO CONTRERAS','46839041','XL','A','MET01',to_date('26/04/2018 00:00:00','DD/MM/RRRR HH24:MI:SS'),'MFERNANDEZ',to_date('03/11/2018 09:24:15','DD/MM/RRRR HH24:MI:SS'));
Insert into MET01.MET01_ENCARGADO (ENCARGADO,NOMBRE,TELEFONO,TALLA,ESTADO_REGISTRO,USUARIO_CREACION,FECHA_CREACION,USUARIO_MODIFICACION,FECHA_MODIFICACION) values (30,'MELVER DE PAZ','34354929','L','A','MET01',to_date('26/04/2018 00:00:00','DD/MM/RRRR HH24:MI:SS'),'MFERNANDEZ',to_date('15/02/2020 15:54:42','DD/MM/RRRR HH24:MI:SS'));
Insert into MET01.MET01_ENCARGADO (ENCARGADO,NOMBRE,TELEFONO,TALLA,ESTADO_REGISTRO,USUARIO_CREACION,FECHA_CREACION,USUARIO_MODIFICACION,FECHA_MODIFICACION) values (31,'ROLANDO ERWIN OSWALDO DIAZ MUÑOZ','55295639','L','A','MET01',to_date('26/04/2018 00:00:00','DD/MM/RRRR HH24:MI:SS'),null,null);
Insert into MET01.MET01_ENCARGADO (ENCARGADO,NOMBRE,TELEFONO,TALLA,ESTADO_REGISTRO,USUARIO_CREACION,FECHA_CREACION,USUARIO_MODIFICACION,FECHA_MODIFICACION) values (32,'ESDRAS NEHEMIAS CHAVEZ VASQUEZ','49340164','M','A','MET01',to_date('26/04/2018 00:00:00','DD/MM/RRRR HH24:MI:SS'),null,null);
Insert into MET01.MET01_ENCARGADO (ENCARGADO,NOMBRE,TELEFONO,TALLA,ESTADO_REGISTRO,USUARIO_CREACION,FECHA_CREACION,USUARIO_MODIFICACION,FECHA_MODIFICACION) values (33,'JONHATAN DAVID ESCOBAR AVENDAÑO','30344170','M','A','MET01',to_date('26/04/2018 00:00:00','DD/MM/RRRR HH24:MI:SS'),null,null);
Insert into MET01.MET01_ENCARGADO (ENCARGADO,NOMBRE,TELEFONO,TALLA,ESTADO_REGISTRO,USUARIO_CREACION,FECHA_CREACION,USUARIO_MODIFICACION,FECHA_MODIFICACION) values (34,'WILSON MANUEL GONZALES CHAJON','32100532','L','A','MET01',to_date('26/04/2018 00:00:00','DD/MM/RRRR HH24:MI:SS'),null,null);
Insert into MET01.MET01_ENCARGADO (ENCARGADO,NOMBRE,TELEFONO,TALLA,ESTADO_REGISTRO,USUARIO_CREACION,FECHA_CREACION,USUARIO_MODIFICACION,FECHA_MODIFICACION) values (35,'EDWIN GEREMIAS CUC CAMEY','44529753','M','A','MET01',to_date('26/04/2018 00:00:00','DD/MM/RRRR HH24:MI:SS'),null,null);
Insert into MET01.MET01_ENCARGADO (ENCARGADO,NOMBRE,TELEFONO,TALLA,ESTADO_REGISTRO,USUARIO_CREACION,FECHA_CREACION,USUARIO_MODIFICACION,FECHA_MODIFICACION) values (36,'REGINO SAS PEREZ','59525338','L','A','MET01',to_date('26/04/2018 00:00:00','DD/MM/RRRR HH24:MI:SS'),'MFERNANDEZ',to_date('15/02/2020 14:33:24','DD/MM/RRRR HH24:MI:SS'));
Insert into MET01.MET01_ENCARGADO (ENCARGADO,NOMBRE,TELEFONO,TALLA,ESTADO_REGISTRO,USUARIO_CREACION,FECHA_CREACION,USUARIO_MODIFICACION,FECHA_MODIFICACION) values (37,'GERMAN ALCHANE VELASQUEZ JUAREZ','41247042','S','A','MET01',to_date('26/04/2018 00:00:00','DD/MM/RRRR HH24:MI:SS'),null,null);
Insert into MET01.MET01_ENCARGADO (ENCARGADO,NOMBRE,TELEFONO,TALLA,ESTADO_REGISTRO,USUARIO_CREACION,FECHA_CREACION,USUARIO_MODIFICACION,FECHA_MODIFICACION) values (38,'EDDY ATZ','53496654','XL','A','MET01',to_date('26/04/2018 00:00:00','DD/MM/RRRR HH24:MI:SS'),null,null);
Insert into MET01.MET01_ENCARGADO (ENCARGADO,NOMBRE,TELEFONO,TALLA,ESTADO_REGISTRO,USUARIO_CREACION,FECHA_CREACION,USUARIO_MODIFICACION,FECHA_MODIFICACION) values (39,'VICTOR TOMAS','44734217','M','A','MET01',to_date('26/04/2018 00:00:00','DD/MM/RRRR HH24:MI:SS'),'MFERNANDEZ',to_date('11/05/2019 10:09:04','DD/MM/RRRR HH24:MI:SS'));
Insert into MET01.MET01_ENCARGADO (ENCARGADO,NOMBRE,TELEFONO,TALLA,ESTADO_REGISTRO,USUARIO_CREACION,FECHA_CREACION,USUARIO_MODIFICACION,FECHA_MODIFICACION) values (40,'HECTOR ESTUARDO GOMEZ ROBLEDO','46679841','XL','A','MET01',to_date('26/04/2018 00:00:00','DD/MM/RRRR HH24:MI:SS'),'JCATUN',to_date('12/12/2019 14:51:47','DD/MM/RRRR HH24:MI:SS'));
Insert into MET01.MET01_ENCARGADO (ENCARGADO,NOMBRE,TELEFONO,TALLA,ESTADO_REGISTRO,USUARIO_CREACION,FECHA_CREACION,USUARIO_MODIFICACION,FECHA_MODIFICACION) values (41,'MANOLO SANTIAGO','41518287','XL','A','MET01',to_date('26/04/2018 00:00:00','DD/MM/RRRR HH24:MI:SS'),null,null);
Insert into MET01.MET01_ENCARGADO (ENCARGADO,NOMBRE,TELEFONO,TALLA,ESTADO_REGISTRO,USUARIO_CREACION,FECHA_CREACION,USUARIO_MODIFICACION,FECHA_MODIFICACION) values (42,'DOROTEO PATZAN','58821125','L','A','MET01',to_date('26/04/2018 00:00:00','DD/MM/RRRR HH24:MI:SS'),'MFERNANDEZ',to_date('03/11/2018 08:37:59','DD/MM/RRRR HH24:MI:SS'));
Insert into MET01.MET01_ENCARGADO (ENCARGADO,NOMBRE,TELEFONO,TALLA,ESTADO_REGISTRO,USUARIO_CREACION,FECHA_CREACION,USUARIO_MODIFICACION,FECHA_MODIFICACION) values (43,'ELIAS COC','47846457','XL','A','MET01',to_date('26/04/2018 00:00:00','DD/MM/RRRR HH24:MI:SS'),'MFERNANDEZ',to_date('11/05/2019 10:56:16','DD/MM/RRRR HH24:MI:SS'));
Insert into MET01.MET01_ENCARGADO (ENCARGADO,NOMBRE,TELEFONO,TALLA,ESTADO_REGISTRO,USUARIO_CREACION,FECHA_CREACION,USUARIO_MODIFICACION,FECHA_MODIFICACION) values (44,'WILSON TEZEN IXPEC','53315625','S','A','MET01',to_date('26/04/2018 00:00:00','DD/MM/RRRR HH24:MI:SS'),null,null);
Insert into MET01.MET01_ENCARGADO (ENCARGADO,NOMBRE,TELEFONO,TALLA,ESTADO_REGISTRO,USUARIO_CREACION,FECHA_CREACION,USUARIO_MODIFICACION,FECHA_MODIFICACION) values (45,'DAVID HERRERA','56147999',null,'A','MET01',to_date('26/04/2018 00:00:00','DD/MM/RRRR HH24:MI:SS'),'MFERNANDEZ',to_date('11/05/2019 11:18:00','DD/MM/RRRR HH24:MI:SS'));
Insert into MET01.MET01_ENCARGADO (ENCARGADO,NOMBRE,TELEFONO,TALLA,ESTADO_REGISTRO,USUARIO_CREACION,FECHA_CREACION,USUARIO_MODIFICACION,FECHA_MODIFICACION) values (46,'BYRON CHAVEZ','42510922',null,'A','MET01',to_date('26/04/2018 00:00:00','DD/MM/RRRR HH24:MI:SS'),'MFERNANDEZ',to_date('03/11/2018 10:21:40','DD/MM/RRRR HH24:MI:SS'));
Insert into MET01.MET01_ENCARGADO (ENCARGADO,NOMBRE,TELEFONO,TALLA,ESTADO_REGISTRO,USUARIO_CREACION,FECHA_CREACION,USUARIO_MODIFICACION,FECHA_MODIFICACION) values (47,'ALEJANDRO BOLAÑOS','34830599 / 49457576',null,'A','MET01',to_date('26/04/2018 00:00:00','DD/MM/RRRR HH24:MI:SS'),null,null);
Insert into MET01.MET01_ENCARGADO (ENCARGADO,NOMBRE,TELEFONO,TALLA,ESTADO_REGISTRO,USUARIO_CREACION,FECHA_CREACION,USUARIO_MODIFICACION,FECHA_MODIFICACION) values (48,'ALLAN LOPES','48821480',null,'A','MET01',to_date('26/04/2018 00:00:00','DD/MM/RRRR HH24:MI:SS'),'MFERNANDEZ',to_date('15/02/2020 15:15:00','DD/MM/RRRR HH24:MI:SS'));
Insert into MET01.MET01_ENCARGADO (ENCARGADO,NOMBRE,TELEFONO,TALLA,ESTADO_REGISTRO,USUARIO_CREACION,FECHA_CREACION,USUARIO_MODIFICACION,FECHA_MODIFICACION) values (49,'PABLO GUAMUCH','47141019',null,'A','MET01',to_date('26/04/2018 00:00:00','DD/MM/RRRR HH24:MI:SS'),null,null);
Insert into MET01.MET01_ENCARGADO (ENCARGADO,NOMBRE,TELEFONO,TALLA,ESTADO_REGISTRO,USUARIO_CREACION,FECHA_CREACION,USUARIO_MODIFICACION,FECHA_MODIFICACION) values (50,'NOE IXCHOP','44312654',null,'A','MET01',to_date('26/04/2018 00:00:00','DD/MM/RRRR HH24:MI:SS'),null,null);
Insert into MET01.MET01_ENCARGADO (ENCARGADO,NOMBRE,TELEFONO,TALLA,ESTADO_REGISTRO,USUARIO_CREACION,FECHA_CREACION,USUARIO_MODIFICACION,FECHA_MODIFICACION) values (51,'LAZARO MACH','30838101',null,'A','MET01',to_date('26/04/2018 00:00:00','DD/MM/RRRR HH24:MI:SS'),null,null);
Insert into MET01.MET01_ENCARGADO (ENCARGADO,NOMBRE,TELEFONO,TALLA,ESTADO_REGISTRO,USUARIO_CREACION,FECHA_CREACION,USUARIO_MODIFICACION,FECHA_MODIFICACION) values (52,'OSMAN LEMUS','31070423',null,'A','MET01',to_date('26/04/2018 00:00:00','DD/MM/RRRR HH24:MI:SS'),'JCATUN',to_date('12/12/2019 13:01:39','DD/MM/RRRR HH24:MI:SS'));
Insert into MET01.MET01_ENCARGADO (ENCARGADO,NOMBRE,TELEFONO,TALLA,ESTADO_REGISTRO,USUARIO_CREACION,FECHA_CREACION,USUARIO_MODIFICACION,FECHA_MODIFICACION) values (53,'EVER VIDAL PEREZ SANTOS','46371629',null,'A','MET01',to_date('28/04/2018 13:23:58','DD/MM/RRRR HH24:MI:SS'),null,null);
Insert into MET01.MET01_ENCARGADO (ENCARGADO,NOMBRE,TELEFONO,TALLA,ESTADO_REGISTRO,USUARIO_CREACION,FECHA_CREACION,USUARIO_MODIFICACION,FECHA_MODIFICACION) values (75,'DARIO CORONADO','31332152',null,'A','MFERNANDEZ',to_date('02/03/2019 09:39:02','DD/MM/RRRR HH24:MI:SS'),null,null);
Insert into MET01.MET01_ENCARGADO (ENCARGADO,NOMBRE,TELEFONO,TALLA,ESTADO_REGISTRO,USUARIO_CREACION,FECHA_CREACION,USUARIO_MODIFICACION,FECHA_MODIFICACION) values (81,'ABRAHAM CAMEY','55888302',null,'A','MFERNANDEZ',to_date('02/03/2019 18:07:58','DD/MM/RRRR HH24:MI:SS'),null,null);
Insert into MET01.MET01_ENCARGADO (ENCARGADO,NOMBRE,TELEFONO,TALLA,ESTADO_REGISTRO,USUARIO_CREACION,FECHA_CREACION,USUARIO_MODIFICACION,FECHA_MODIFICACION) values (54,'VICTOR OMAR WARCAS SURET','49623647',null,'A','MET01',to_date('29/06/2018 17:15:39','DD/MM/RRRR HH24:MI:SS'),null,null);
Insert into MET01.MET01_ENCARGADO (ENCARGADO,NOMBRE,TELEFONO,TALLA,ESTADO_REGISTRO,USUARIO_CREACION,FECHA_CREACION,USUARIO_MODIFICACION,FECHA_MODIFICACION) values (55,'EDUARDO GUTIERREZ','32112597',null,'A','MET01',to_date('29/06/2018 17:51:38','DD/MM/RRRR HH24:MI:SS'),'MFERNANDEZ',to_date('02/03/2019 09:58:49','DD/MM/RRRR HH24:MI:SS'));
Insert into MET01.MET01_ENCARGADO (ENCARGADO,NOMBRE,TELEFONO,TALLA,ESTADO_REGISTRO,USUARIO_CREACION,FECHA_CREACION,USUARIO_MODIFICACION,FECHA_MODIFICACION) values (56,'EDGAR CHICHE','45330385',null,'A','MET01',to_date('29/06/2018 19:23:37','DD/MM/RRRR HH24:MI:SS'),null,null);
Insert into MET01.MET01_ENCARGADO (ENCARGADO,NOMBRE,TELEFONO,TALLA,ESTADO_REGISTRO,USUARIO_CREACION,FECHA_CREACION,USUARIO_MODIFICACION,FECHA_MODIFICACION) values (57,'RUDY DAVID IGUEROS MICHEO','53771000',null,'A','MET01',to_date('29/06/2018 19:31:35','DD/MM/RRRR HH24:MI:SS'),'MFERNANDEZ',to_date('03/11/2018 08:43:06','DD/MM/RRRR HH24:MI:SS'));
Insert into MET01.MET01_ENCARGADO (ENCARGADO,NOMBRE,TELEFONO,TALLA,ESTADO_REGISTRO,USUARIO_CREACION,FECHA_CREACION,USUARIO_MODIFICACION,FECHA_MODIFICACION) values (68,'ROBERTO RODRIGUEZ','40886610',null,'A','MFERNANDEZ',to_date('03/11/2018 08:48:59','DD/MM/RRRR HH24:MI:SS'),null,null);
Insert into MET01.MET01_ENCARGADO (ENCARGADO,NOMBRE,TELEFONO,TALLA,ESTADO_REGISTRO,USUARIO_CREACION,FECHA_CREACION,USUARIO_MODIFICACION,FECHA_MODIFICACION) values (85,'JUAN VICENTE LOPEZ CHAVEZ ','40276077',null,'A','MFERNANDEZ',to_date('15/02/2020 13:17:58','DD/MM/RRRR HH24:MI:SS'),null,null);
REM INSERTING into MET01.MET01_EVENTO
SET DEFINE OFF;
Insert into MET01.MET01_EVENTO (EVENTO,NOMBRE,ESTADO_REGISTRO,USUARIO_CREACION,FECHA_CREACION,USUARIO_MODIFICACION,FECHA_MODIFICACION) values (6,'OFRENDA DE LA FIESTA MAYO 2019','A','MET01',to_date('11/05/2019 07:00:00','DD/MM/RRRR HH24:MI:SS'),null,null);
Insert into MET01.MET01_EVENTO (EVENTO,NOMBRE,ESTADO_REGISTRO,USUARIO_CREACION,FECHA_CREACION,USUARIO_MODIFICACION,FECHA_MODIFICACION) values (2,'OFRENDA DE LA FIESTA JUNIO 2018','A','MET01',to_date('28/06/2018 15:05:54','DD/MM/RRRR HH24:MI:SS'),'EYOL',to_date('25/08/2018 07:51:19','DD/MM/RRRR HH24:MI:SS'));
Insert into MET01.MET01_EVENTO (EVENTO,NOMBRE,ESTADO_REGISTRO,USUARIO_CREACION,FECHA_CREACION,USUARIO_MODIFICACION,FECHA_MODIFICACION) values (3,'OFRENDA DE LA FIESTA AGOSTO 2018','A','MET01',to_date('25/08/2018 07:51:11','DD/MM/RRRR HH24:MI:SS'),null,null);
Insert into MET01.MET01_EVENTO (EVENTO,NOMBRE,ESTADO_REGISTRO,USUARIO_CREACION,FECHA_CREACION,USUARIO_MODIFICACION,FECHA_MODIFICACION) values (7,'OFRENDA DE LA FIESTA DICIEMBRE 2019','A','MET01',to_date('12/12/2019 09:53:00','DD/MM/RRRR HH24:MI:SS'),null,null);
Insert into MET01.MET01_EVENTO (EVENTO,NOMBRE,ESTADO_REGISTRO,USUARIO_CREACION,FECHA_CREACION,USUARIO_MODIFICACION,FECHA_MODIFICACION) values (1,'OFRENDA DE LA FIESTA ABRIL 2018','A','MET01',to_date('26/04/2018 00:00:00','DD/MM/RRRR HH24:MI:SS'),'MET01',to_date('28/06/2018 15:05:54','DD/MM/RRRR HH24:MI:SS'));
Insert into MET01.MET01_EVENTO (EVENTO,NOMBRE,ESTADO_REGISTRO,USUARIO_CREACION,FECHA_CREACION,USUARIO_MODIFICACION,FECHA_MODIFICACION) values (4,'OFRENDA DE LA FIESTA NOVIEMBRE 2018','A','MET01',to_date('03/11/2018 14:10:12','DD/MM/RRRR HH24:MI:SS'),null,null);
Insert into MET01.MET01_EVENTO (EVENTO,NOMBRE,ESTADO_REGISTRO,USUARIO_CREACION,FECHA_CREACION,USUARIO_MODIFICACION,FECHA_MODIFICACION) values (5,'OFRENDA DE LA FIESTA MARZO 2019','A','MET01',to_date('02/03/2019 09:10:11','DD/MM/RRRR HH24:MI:SS'),null,null);
Insert into MET01.MET01_EVENTO (EVENTO,NOMBRE,ESTADO_REGISTRO,USUARIO_CREACION,FECHA_CREACION,USUARIO_MODIFICACION,FECHA_MODIFICACION) values (8,'OFRENDA DE LA FIESTA FEBRERO 2020','A','MET01',to_date('14/02/2020 21:49:44','DD/MM/RRRR HH24:MI:SS'),null,null);
REM INSERTING into MET01.MET01_IGLESIA
SET DEFINE OFF;
Insert into MET01.MET01_IGLESIA (IGLESIA,NOMBRE,REGION,ENCARGADO,PASTOR,ESTADO_REGISTRO,USUARIO_CREACION,FECHA_CREACION,USUARIO_MODIFICACION,FECHA_MODIFICACION) values (70,'LA VID VERDADERA SANTO TOMAS MILPAS ALTAS',5,70,70,'A','MFERNANDEZ',to_date('03/11/2018 09:21:52','DD/MM/RRRR HH24:MI:SS'),null,null);
Insert into MET01.MET01_IGLESIA (IGLESIA,NOMBRE,REGION,ENCARGADO,PASTOR,ESTADO_REGISTRO,USUARIO_CREACION,FECHA_CREACION,USUARIO_MODIFICACION,FECHA_MODIFICACION) values (74,'MAHANAIM LA FLORIDA ZONA 19',1,74,74,'A','MFERNANDEZ',to_date('03/11/2018 13:09:50','DD/MM/RRRR HH24:MI:SS'),null,null);
Insert into MET01.MET01_IGLESIA (IGLESIA,NOMBRE,REGION,ENCARGADO,PASTOR,ESTADO_REGISTRO,USUARIO_CREACION,FECHA_CREACION,USUARIO_MODIFICACION,FECHA_MODIFICACION) values (76,'SANTO CORDERO CIUDAD SATELITE',5,76,76,'A','MFERNANDEZ',to_date('02/03/2019 09:44:27','DD/MM/RRRR HH24:MI:SS'),null,null);
Insert into MET01.MET01_IGLESIA (IGLESIA,NOMBRE,REGION,ENCARGADO,PASTOR,ESTADO_REGISTRO,USUARIO_CREACION,FECHA_CREACION,USUARIO_MODIFICACION,FECHA_MODIFICACION) values (79,'JEHOVA ES MI GUERRERO SAN MIGUEL PETAPA',4,79,79,'A','MFERNANDEZ',to_date('02/03/2019 13:50:52','DD/MM/RRRR HH24:MI:SS'),null,null);
Insert into MET01.MET01_IGLESIA (IGLESIA,NOMBRE,REGION,ENCARGADO,PASTOR,ESTADO_REGISTRO,USUARIO_CREACION,FECHA_CREACION,USUARIO_MODIFICACION,FECHA_MODIFICACION) values (80,'JEHOVA JIREH SAN JUAN SACATEPEQUEZ',6,80,80,'A','MFERNANDEZ',to_date('02/03/2019 16:11:44','DD/MM/RRRR HH24:MI:SS'),'MFERNANDEZ',to_date('02/03/2019 16:12:11','DD/MM/RRRR HH24:MI:SS'));
Insert into MET01.MET01_IGLESIA (IGLESIA,NOMBRE,REGION,ENCARGADO,PASTOR,ESTADO_REGISTRO,USUARIO_CREACION,FECHA_CREACION,USUARIO_MODIFICACION,FECHA_MODIFICACION) values (82,'PUEBLO DE DIOS SAN ANTONIO LAS FLORES CHINAUTLA',2,82,82,'A','MFERNANDEZ',to_date('11/05/2019 10:26:17','DD/MM/RRRR HH24:MI:SS'),null,null);
Insert into MET01.MET01_IGLESIA (IGLESIA,NOMBRE,REGION,ENCARGADO,PASTOR,ESTADO_REGISTRO,USUARIO_CREACION,FECHA_CREACION,USUARIO_MODIFICACION,FECHA_MODIFICACION) values (60,'METROPOLITANA Y SACATEPEQUEZ',1,60,60,'A','MET01',to_date('30/06/2018 17:43:42','DD/MM/RRRR HH24:MI:SS'),'JCATUN',to_date('31/10/2018 20:51:34','DD/MM/RRRR HH24:MI:SS'));
Insert into MET01.MET01_IGLESIA (IGLESIA,NOMBRE,REGION,ENCARGADO,PASTOR,ESTADO_REGISTRO,USUARIO_CREACION,FECHA_CREACION,USUARIO_MODIFICACION,FECHA_MODIFICACION) values (61,'JEHOVA JIREH CHUARRANCHO CANTON CENTRAL',6,61,61,'A','MET01',to_date('01/07/2018 10:24:24','DD/MM/RRRR HH24:MI:SS'),'MFERNANDEZ',to_date('03/11/2018 08:53:49','DD/MM/RRRR HH24:MI:SS'));
Insert into MET01.MET01_IGLESIA (IGLESIA,NOMBRE,REGION,ENCARGADO,PASTOR,ESTADO_REGISTRO,USUARIO_CREACION,FECHA_CREACION,USUARIO_MODIFICACION,FECHA_MODIFICACION) values (69,'DIOS ES MI PAZ FRAIJANES',4,69,69,'A','MFERNANDEZ',to_date('03/11/2018 08:58:19','DD/MM/RRRR HH24:MI:SS'),null,null);
Insert into MET01.MET01_IGLESIA (IGLESIA,NOMBRE,REGION,ENCARGADO,PASTOR,ESTADO_REGISTRO,USUARIO_CREACION,FECHA_CREACION,USUARIO_MODIFICACION,FECHA_MODIFICACION) values (71,'JABNEL LO DE FUENTES MIXCO',1,71,71,'A','MFERNANDEZ',to_date('03/11/2018 09:31:29','DD/MM/RRRR HH24:MI:SS'),'MFERNANDEZ',to_date('03/11/2018 09:33:18','DD/MM/RRRR HH24:MI:SS'));
Insert into MET01.MET01_IGLESIA (IGLESIA,NOMBRE,REGION,ENCARGADO,PASTOR,ESTADO_REGISTRO,USUARIO_CREACION,FECHA_CREACION,USUARIO_MODIFICACION,FECHA_MODIFICACION) values (72,'LUZ DEL MUNDO BOCA DEL MONTE VILLA CANALES',4,72,72,'A','MFERNANDEZ',to_date('03/11/2018 09:44:12','DD/MM/RRRR HH24:MI:SS'),null,null);
Insert into MET01.MET01_IGLESIA (IGLESIA,NOMBRE,REGION,ENCARGADO,PASTOR,ESTADO_REGISTRO,USUARIO_CREACION,FECHA_CREACION,USUARIO_MODIFICACION,FECHA_MODIFICACION) values (73,'MAHANAIM EL CHOL BAJA VERAPAZ',6,73,73,'A','MFERNANDEZ',to_date('03/11/2018 10:05:02','DD/MM/RRRR HH24:MI:SS'),null,null);
Insert into MET01.MET01_IGLESIA (IGLESIA,NOMBRE,REGION,ENCARGADO,PASTOR,ESTADO_REGISTRO,USUARIO_CREACION,FECHA_CREACION,USUARIO_MODIFICACION,FECHA_MODIFICACION) values (77,'EL CERINAL BARBERENA SANTA ROSA',4,77,77,'A','MFERNANDEZ',to_date('02/03/2019 10:03:26','DD/MM/RRRR HH24:MI:SS'),null,null);
Insert into MET01.MET01_IGLESIA (IGLESIA,NOMBRE,REGION,ENCARGADO,PASTOR,ESTADO_REGISTRO,USUARIO_CREACION,FECHA_CREACION,USUARIO_MODIFICACION,FECHA_MODIFICACION) values (83,'LO DE RAMOS SAN JUAN SACATEPEQUEZ',6,83,83,'A','MFERNANDEZ',to_date('11/05/2019 11:10:00','DD/MM/RRRR HH24:MI:SS'),null,null);
Insert into MET01.MET01_IGLESIA (IGLESIA,NOMBRE,REGION,ENCARGADO,PASTOR,ESTADO_REGISTRO,USUARIO_CREACION,FECHA_CREACION,USUARIO_MODIFICACION,FECHA_MODIFICACION) values (58,'IGLESIA LINDA VISTA ZONA 4 VILLA NUEVA',3,58,58,'A','MET01',to_date('29/06/2018 21:03:52','DD/MM/RRRR HH24:MI:SS'),null,null);
Insert into MET01.MET01_IGLESIA (IGLESIA,NOMBRE,REGION,ENCARGADO,PASTOR,ESTADO_REGISTRO,USUARIO_CREACION,FECHA_CREACION,USUARIO_MODIFICACION,FECHA_MODIFICACION) values (59,'IGLESIA DIOS CON NOSOTROS ZONA 3 VILLA NUEVA',3,59,59,'A','MET01',to_date('29/06/2018 21:16:18','DD/MM/RRRR HH24:MI:SS'),null,null);
Insert into MET01.MET01_IGLESIA (IGLESIA,NOMBRE,REGION,ENCARGADO,PASTOR,ESTADO_REGISTRO,USUARIO_CREACION,FECHA_CREACION,USUARIO_MODIFICACION,FECHA_MODIFICACION) values (62,'PAN DEL CIELO EL BUCARO',3,62,62,'A','MET01',to_date('25/08/2018 12:36:59','DD/MM/RRRR HH24:MI:SS'),'MFERNANDEZ',to_date('03/11/2018 11:31:38','DD/MM/RRRR HH24:MI:SS'));
Insert into MET01.MET01_IGLESIA (IGLESIA,NOMBRE,REGION,ENCARGADO,PASTOR,ESTADO_REGISTRO,USUARIO_CREACION,FECHA_CREACION,USUARIO_MODIFICACION,FECHA_MODIFICACION) values (63,'JEHOVA ES MI PASTOR BOCA DEL MONTE',4,63,63,'A','MET01',to_date('25/08/2018 12:36:59','DD/MM/RRRR HH24:MI:SS'),'MFERNANDEZ',to_date('02/03/2019 09:31:33','DD/MM/RRRR HH24:MI:SS'));
Insert into MET01.MET01_IGLESIA (IGLESIA,NOMBRE,REGION,ENCARGADO,PASTOR,ESTADO_REGISTRO,USUARIO_CREACION,FECHA_CREACION,USUARIO_MODIFICACION,FECHA_MODIFICACION) values (64,'MAHANAIN',0,64,64,'A','MET01',to_date('25/08/2018 12:36:59','DD/MM/RRRR HH24:MI:SS'),null,null);
Insert into MET01.MET01_IGLESIA (IGLESIA,NOMBRE,REGION,ENCARGADO,PASTOR,ESTADO_REGISTRO,USUARIO_CREACION,FECHA_CREACION,USUARIO_MODIFICACION,FECHA_MODIFICACION) values (65,'TABERNACULO DE DIOS',0,65,65,'A','MET01',to_date('25/08/2018 12:36:59','DD/MM/RRRR HH24:MI:SS'),null,null);
Insert into MET01.MET01_IGLESIA (IGLESIA,NOMBRE,REGION,ENCARGADO,PASTOR,ESTADO_REGISTRO,USUARIO_CREACION,FECHA_CREACION,USUARIO_MODIFICACION,FECHA_MODIFICACION) values (66,'GERIZIM TIERRA NUEVA 1',1,66,66,'A','MET01',to_date('25/08/2018 12:36:59','DD/MM/RRRR HH24:MI:SS'),'JCATUN',to_date('12/12/2019 19:40:14','DD/MM/RRRR HH24:MI:SS'));
Insert into MET01.MET01_IGLESIA (IGLESIA,NOMBRE,REGION,ENCARGADO,PASTOR,ESTADO_REGISTRO,USUARIO_CREACION,FECHA_CREACION,USUARIO_MODIFICACION,FECHA_MODIFICACION) values (67,'VEN SE¿OR JESUS - SACOJ VILLAS DEL MILAGRO',1,67,67,'A','MET01',to_date('25/08/2018 12:36:59','DD/MM/RRRR HH24:MI:SS'),null,null);
Insert into MET01.MET01_IGLESIA (IGLESIA,NOMBRE,REGION,ENCARGADO,PASTOR,ESTADO_REGISTRO,USUARIO_CREACION,FECHA_CREACION,USUARIO_MODIFICACION,FECHA_MODIFICACION) values (78,'PALABRA MIEL ADONAI ALDEA LAS DANTAS',6,78,78,'A','MFERNANDEZ',to_date('02/03/2019 13:46:38','DD/MM/RRRR HH24:MI:SS'),null,null);
Insert into MET01.MET01_IGLESIA (IGLESIA,NOMBRE,REGION,ENCARGADO,PASTOR,ESTADO_REGISTRO,USUARIO_CREACION,FECHA_CREACION,USUARIO_MODIFICACION,FECHA_MODIFICACION) values (84,'SUACITE',6,84,84,'A','MFERNANDEZ',to_date('15/02/2020 11:29:50','DD/MM/RRRR HH24:MI:SS'),null,null);
Insert into MET01.MET01_IGLESIA (IGLESIA,NOMBRE,REGION,ENCARGADO,PASTOR,ESTADO_REGISTRO,USUARIO_CREACION,FECHA_CREACION,USUARIO_MODIFICACION,FECHA_MODIFICACION) values (86,'ALDEA EL FISCAL PALENCIA',2,86,86,'A','MFERNANDEZ',to_date('15/02/2020 13:44:47','DD/MM/RRRR HH24:MI:SS'),null,null);
Insert into MET01.MET01_IGLESIA (IGLESIA,NOMBRE,REGION,ENCARGADO,PASTOR,ESTADO_REGISTRO,USUARIO_CREACION,FECHA_CREACION,USUARIO_MODIFICACION,FECHA_MODIFICACION) values (1,'TIERRA NUEVA 2',1,1,1,'A','MET01',to_date('26/04/2018 00:00:00','DD/MM/RRRR HH24:MI:SS'),'MFERNANDEZ',to_date('15/02/2020 16:17:00','DD/MM/RRRR HH24:MI:SS'));
Insert into MET01.MET01_IGLESIA (IGLESIA,NOMBRE,REGION,ENCARGADO,PASTOR,ESTADO_REGISTRO,USUARIO_CREACION,FECHA_CREACION,USUARIO_MODIFICACION,FECHA_MODIFICACION) values (2,'REY DE PAZ MIXCO SAN JACINTO',1,2,2,'A','MET01',to_date('26/04/2018 00:00:00','DD/MM/RRRR HH24:MI:SS'),null,null);
Insert into MET01.MET01_IGLESIA (IGLESIA,NOMBRE,REGION,ENCARGADO,PASTOR,ESTADO_REGISTRO,USUARIO_CREACION,FECHA_CREACION,USUARIO_MODIFICACION,FECHA_MODIFICACION) values (3,'EL ARCA SAN JUAN SACATEPEQUEZ',1,3,3,'A','MET01',to_date('26/04/2018 00:00:00','DD/MM/RRRR HH24:MI:SS'),null,null);
Insert into MET01.MET01_IGLESIA (IGLESIA,NOMBRE,REGION,ENCARGADO,PASTOR,ESTADO_REGISTRO,USUARIO_CREACION,FECHA_CREACION,USUARIO_MODIFICACION,FECHA_MODIFICACION) values (4,'REY DE GLORIA - LA BRIGADA',1,4,4,'A','MET01',to_date('26/04/2018 00:00:00','DD/MM/RRRR HH24:MI:SS'),null,null);
Insert into MET01.MET01_IGLESIA (IGLESIA,NOMBRE,REGION,ENCARGADO,PASTOR,ESTADO_REGISTRO,USUARIO_CREACION,FECHA_CREACION,USUARIO_MODIFICACION,FECHA_MODIFICACION) values (5,'SOL DE JUSTICIA CAMPANERO ZONA 8 DE MIXCO',1,5,5,'A','MET01',to_date('26/04/2018 00:00:00','DD/MM/RRRR HH24:MI:SS'),null,null);
Insert into MET01.MET01_IGLESIA (IGLESIA,NOMBRE,REGION,ENCARGADO,PASTOR,ESTADO_REGISTRO,USUARIO_CREACION,FECHA_CREACION,USUARIO_MODIFICACION,FECHA_MODIFICACION) values (6,'MONTE SION SAJCAVILLA SAN JUAN SACATEPEQUEZ',1,6,6,'A','MET01',to_date('26/04/2018 00:00:00','DD/MM/RRRR HH24:MI:SS'),null,null);
Insert into MET01.MET01_IGLESIA (IGLESIA,NOMBRE,REGION,ENCARGADO,PASTOR,ESTADO_REGISTRO,USUARIO_CREACION,FECHA_CREACION,USUARIO_MODIFICACION,FECHA_MODIFICACION) values (7,'PRIMERO DE JULIO EL VERBO DE DIOS ZONA 5 MIXCO',1,7,7,'A','MET01',to_date('26/04/2018 00:00:00','DD/MM/RRRR HH24:MI:SS'),null,null);
Insert into MET01.MET01_IGLESIA (IGLESIA,NOMBRE,REGION,ENCARGADO,PASTOR,ESTADO_REGISTRO,USUARIO_CREACION,FECHA_CREACION,USUARIO_MODIFICACION,FECHA_MODIFICACION) values (8,'CRISTO FIEL Y VERDADERO LO DE FUENTES',1,8,8,'A','MET01',to_date('26/04/2018 00:00:00','DD/MM/RRRR HH24:MI:SS'),null,null);
Insert into MET01.MET01_IGLESIA (IGLESIA,NOMBRE,REGION,ENCARGADO,PASTOR,ESTADO_REGISTRO,USUARIO_CREACION,FECHA_CREACION,USUARIO_MODIFICACION,FECHA_MODIFICACION) values (9,'ADULAM SAN PEDRO SACATEPEQUEZ',1,9,9,'A','MET01',to_date('26/04/2018 00:00:00','DD/MM/RRRR HH24:MI:SS'),null,null);
Insert into MET01.MET01_IGLESIA (IGLESIA,NOMBRE,REGION,ENCARGADO,PASTOR,ESTADO_REGISTRO,USUARIO_CREACION,FECHA_CREACION,USUARIO_MODIFICACION,FECHA_MODIFICACION) values (10,'IGLESIA PALABRA MIEL COLINAS',1,10,10,'A','MET01',to_date('26/04/2018 00:00:00','DD/MM/RRRR HH24:MI:SS'),'MFERNANDEZ',to_date('02/03/2019 10:36:44','DD/MM/RRRR HH24:MI:SS'));
Insert into MET01.MET01_IGLESIA (IGLESIA,NOMBRE,REGION,ENCARGADO,PASTOR,ESTADO_REGISTRO,USUARIO_CREACION,FECHA_CREACION,USUARIO_MODIFICACION,FECHA_MODIFICACION) values (11,'SEÑOR Y REY PERONIA',1,11,11,'A','MET01',to_date('26/04/2018 00:00:00','DD/MM/RRRR HH24:MI:SS'),null,null);
Insert into MET01.MET01_IGLESIA (IGLESIA,NOMBRE,REGION,ENCARGADO,PASTOR,ESTADO_REGISTRO,USUARIO_CREACION,FECHA_CREACION,USUARIO_MODIFICACION,FECHA_MODIFICACION) values (12,'FUENTE DE MISERICORDIA SAN JUAN SACATEPEQUEZ',1,12,12,'A','MET01',to_date('26/04/2018 00:00:00','DD/MM/RRRR HH24:MI:SS'),null,null);
Insert into MET01.MET01_IGLESIA (IGLESIA,NOMBRE,REGION,ENCARGADO,PASTOR,ESTADO_REGISTRO,USUARIO_CREACION,FECHA_CREACION,USUARIO_MODIFICACION,FECHA_MODIFICACION) values (13,'LAS ROSAS - ZONA 6 DE MIXCO',1,13,13,'A','MET01',to_date('26/04/2018 00:00:00','DD/MM/RRRR HH24:MI:SS'),null,null);
Insert into MET01.MET01_IGLESIA (IGLESIA,NOMBRE,REGION,ENCARGADO,PASTOR,ESTADO_REGISTRO,USUARIO_CREACION,FECHA_CREACION,USUARIO_MODIFICACION,FECHA_MODIFICACION) values (14,'ALTO Y SUBLIME ZONA 6 DE MIXCO',1,14,14,'A','MET01',to_date('26/04/2018 00:00:00','DD/MM/RRRR HH24:MI:SS'),null,null);
Insert into MET01.MET01_IGLESIA (IGLESIA,NOMBRE,REGION,ENCARGADO,PASTOR,ESTADO_REGISTRO,USUARIO_CREACION,FECHA_CREACION,USUARIO_MODIFICACION,FECHA_MODIFICACION) values (15,'RIOS DE AGUA VIVA - ZONA 1',2,15,15,'A','MET01',to_date('26/04/2018 00:00:00','DD/MM/RRRR HH24:MI:SS'),null,null);
Insert into MET01.MET01_IGLESIA (IGLESIA,NOMBRE,REGION,ENCARGADO,PASTOR,ESTADO_REGISTRO,USUARIO_CREACION,FECHA_CREACION,USUARIO_MODIFICACION,FECHA_MODIFICACION) values (16,'REMANENTE ZONA 6',2,16,16,'A','MET01',to_date('26/04/2018 00:00:00','DD/MM/RRRR HH24:MI:SS'),null,null);
Insert into MET01.MET01_IGLESIA (IGLESIA,NOMBRE,REGION,ENCARGADO,PASTOR,ESTADO_REGISTRO,USUARIO_CREACION,FECHA_CREACION,USUARIO_MODIFICACION,FECHA_MODIFICACION) values (17,'FUENTE DE GRACIA ZONA 9',2,17,17,'A','MET01',to_date('26/04/2018 00:00:00','DD/MM/RRRR HH24:MI:SS'),null,null);
Insert into MET01.MET01_IGLESIA (IGLESIA,NOMBRE,REGION,ENCARGADO,PASTOR,ESTADO_REGISTRO,USUARIO_CREACION,FECHA_CREACION,USUARIO_MODIFICACION,FECHA_MODIFICACION) values (18,'OASIS ZONA 18',2,18,18,'A','MET01',to_date('26/04/2018 00:00:00','DD/MM/RRRR HH24:MI:SS'),null,null);
Insert into MET01.MET01_IGLESIA (IGLESIA,NOMBRE,REGION,ENCARGADO,PASTOR,ESTADO_REGISTRO,USUARIO_CREACION,FECHA_CREACION,USUARIO_MODIFICACION,FECHA_MODIFICACION) values (19,'FUENTE DE AGUA VIVA ZONA 17',2,19,19,'A','MET01',to_date('26/04/2018 00:00:00','DD/MM/RRRR HH24:MI:SS'),null,null);
Insert into MET01.MET01_IGLESIA (IGLESIA,NOMBRE,REGION,ENCARGADO,PASTOR,ESTADO_REGISTRO,USUARIO_CREACION,FECHA_CREACION,USUARIO_MODIFICACION,FECHA_MODIFICACION) values (20,'ODRES NUEVOS - AMATITLAN',3,20,20,'A','MET01',to_date('26/04/2018 00:00:00','DD/MM/RRRR HH24:MI:SS'),null,null);
Insert into MET01.MET01_IGLESIA (IGLESIA,NOMBRE,REGION,ENCARGADO,PASTOR,ESTADO_REGISTRO,USUARIO_CREACION,FECHA_CREACION,USUARIO_MODIFICACION,FECHA_MODIFICACION) values (21,'TIEMPOS DE REFRIGERIO CATALINA VILLA NUEVA',3,21,21,'A','MET01',to_date('26/04/2018 00:00:00','DD/MM/RRRR HH24:MI:SS'),'JCATUN',to_date('31/10/2018 20:56:18','DD/MM/RRRR HH24:MI:SS'));
Insert into MET01.MET01_IGLESIA (IGLESIA,NOMBRE,REGION,ENCARGADO,PASTOR,ESTADO_REGISTRO,USUARIO_CREACION,FECHA_CREACION,USUARIO_MODIFICACION,FECHA_MODIFICACION) values (22,'BELEN DE JUDA BARCENAS VILLA NUEVA',3,22,22,'A','MET01',to_date('26/04/2018 00:00:00','DD/MM/RRRR HH24:MI:SS'),null,null);
Insert into MET01.MET01_IGLESIA (IGLESIA,NOMBRE,REGION,ENCARGADO,PASTOR,ESTADO_REGISTRO,USUARIO_CREACION,FECHA_CREACION,USUARIO_MODIFICACION,FECHA_MODIFICACION) values (23,'EL DIOS DE TODOS LOS TIEMPOS - ZONA 21',3,23,23,'A','MET01',to_date('26/04/2018 00:00:00','DD/MM/RRRR HH24:MI:SS'),null,null);
Insert into MET01.MET01_IGLESIA (IGLESIA,NOMBRE,REGION,ENCARGADO,PASTOR,ESTADO_REGISTRO,USUARIO_CREACION,FECHA_CREACION,USUARIO_MODIFICACION,FECHA_MODIFICACION) values (24,'AVIVAMIENTO FINAL VILLA LOBOS ZONA 12 VILLA NUEVA',3,24,24,'A','MET01',to_date('26/04/2018 00:00:00','DD/MM/RRRR HH24:MI:SS'),null,null);
Insert into MET01.MET01_IGLESIA (IGLESIA,NOMBRE,REGION,ENCARGADO,PASTOR,ESTADO_REGISTRO,USUARIO_CREACION,FECHA_CREACION,USUARIO_MODIFICACION,FECHA_MODIFICACION) values (25,'MEZQUITAL - ZONA 12',3,25,25,'A','MET01',to_date('26/04/2018 00:00:00','DD/MM/RRRR HH24:MI:SS'),null,null);
Insert into MET01.MET01_IGLESIA (IGLESIA,NOMBRE,REGION,ENCARGADO,PASTOR,ESTADO_REGISTRO,USUARIO_CREACION,FECHA_CREACION,USUARIO_MODIFICACION,FECHA_MODIFICACION) values (26,'COMO LA LUZ DE LA AURORA - ZONA 13',3,26,26,'A','MET01',to_date('26/04/2018 00:00:00','DD/MM/RRRR HH24:MI:SS'),null,null);
Insert into MET01.MET01_IGLESIA (IGLESIA,NOMBRE,REGION,ENCARGADO,PASTOR,ESTADO_REGISTRO,USUARIO_CREACION,FECHA_CREACION,USUARIO_MODIFICACION,FECHA_MODIFICACION) values (27,'ED TESTIMONIO - BARCENAS VILLA NUEVA',3,27,27,'A','MET01',to_date('26/04/2018 00:00:00','DD/MM/RRRR HH24:MI:SS'),null,null);
Insert into MET01.MET01_IGLESIA (IGLESIA,NOMBRE,REGION,ENCARGADO,PASTOR,ESTADO_REGISTRO,USUARIO_CREACION,FECHA_CREACION,USUARIO_MODIFICACION,FECHA_MODIFICACION) values (28,'IGLESIA DE CRISTO LA PROMESA ZONA 14',4,28,28,'A','MET01',to_date('26/04/2018 00:00:00','DD/MM/RRRR HH24:MI:SS'),null,null);
Insert into MET01.MET01_IGLESIA (IGLESIA,NOMBRE,REGION,ENCARGADO,PASTOR,ESTADO_REGISTRO,USUARIO_CREACION,FECHA_CREACION,USUARIO_MODIFICACION,FECHA_MODIFICACION) values (29,'LUGAR DE REPOSO - EL CARMEN',4,29,29,'A','MET01',to_date('26/04/2018 00:00:00','DD/MM/RRRR HH24:MI:SS'),null,null);
Insert into MET01.MET01_IGLESIA (IGLESIA,NOMBRE,REGION,ENCARGADO,PASTOR,ESTADO_REGISTRO,USUARIO_CREACION,FECHA_CREACION,USUARIO_MODIFICACION,FECHA_MODIFICACION) values (30,'CANAAN CHICHIMECAS VILLA CANALES',4,30,30,'A','MET01',to_date('26/04/2018 00:00:00','DD/MM/RRRR HH24:MI:SS'),null,null);
Insert into MET01.MET01_IGLESIA (IGLESIA,NOMBRE,REGION,ENCARGADO,PASTOR,ESTADO_REGISTRO,USUARIO_CREACION,FECHA_CREACION,USUARIO_MODIFICACION,FECHA_MODIFICACION) values (31,'CANTICO NUEVO VILLA CANALES',4,31,31,'A','MET01',to_date('26/04/2018 00:00:00','DD/MM/RRRR HH24:MI:SS'),null,null);
Insert into MET01.MET01_IGLESIA (IGLESIA,NOMBRE,REGION,ENCARGADO,PASTOR,ESTADO_REGISTRO,USUARIO_CREACION,FECHA_CREACION,USUARIO_MODIFICACION,FECHA_MODIFICACION) values (32,'EL PAJON - KM 18 SANTA CATARINA PINULA',4,32,32,'A','MET01',to_date('26/04/2018 00:00:00','DD/MM/RRRR HH24:MI:SS'),null,null);
Insert into MET01.MET01_IGLESIA (IGLESIA,NOMBRE,REGION,ENCARGADO,PASTOR,ESTADO_REGISTRO,USUARIO_CREACION,FECHA_CREACION,USUARIO_MODIFICACION,FECHA_MODIFICACION) values (33,'REY DE REYES CERINAL SANTO ROSA',4,33,33,'A','MET01',to_date('26/04/2018 00:00:00','DD/MM/RRRR HH24:MI:SS'),null,null);
Insert into MET01.MET01_IGLESIA (IGLESIA,NOMBRE,REGION,ENCARGADO,PASTOR,ESTADO_REGISTRO,USUARIO_CREACION,FECHA_CREACION,USUARIO_MODIFICACION,FECHA_MODIFICACION) values (34,'EL MEZON DE CRISTO - SAN JOSE PINULA',4,34,34,'A','MET01',to_date('26/04/2018 00:00:00','DD/MM/RRRR HH24:MI:SS'),null,null);
Insert into MET01.MET01_IGLESIA (IGLESIA,NOMBRE,REGION,ENCARGADO,PASTOR,ESTADO_REGISTRO,USUARIO_CREACION,FECHA_CREACION,USUARIO_MODIFICACION,FECHA_MODIFICACION) values (35,'LUGAR DE DESCANSO (UXLANIK) - SANTIAGO SACATEPEQUEZ',5,35,35,'A','MET01',to_date('26/04/2018 00:00:00','DD/MM/RRRR HH24:MI:SS'),null,null);
Insert into MET01.MET01_IGLESIA (IGLESIA,NOMBRE,REGION,ENCARGADO,PASTOR,ESTADO_REGISTRO,USUARIO_CREACION,FECHA_CREACION,USUARIO_MODIFICACION,FECHA_MODIFICACION) values (36,'GETSEMANI - SAN MATEO MILPAS ALTAS LA ANTIGUA',5,36,36,'A','MET01',to_date('26/04/2018 00:00:00','DD/MM/RRRR HH24:MI:SS'),null,null);
Insert into MET01.MET01_IGLESIA (IGLESIA,NOMBRE,REGION,ENCARGADO,PASTOR,ESTADO_REGISTRO,USUARIO_CREACION,FECHA_CREACION,USUARIO_MODIFICACION,FECHA_MODIFICACION) values (37,'ALDEA LA LIBERTAD - SANTA LUCIA MILPAS ALTAS',5,37,37,'A','MET01',to_date('26/04/2018 00:00:00','DD/MM/RRRR HH24:MI:SS'),null,null);
Insert into MET01.MET01_IGLESIA (IGLESIA,NOMBRE,REGION,ENCARGADO,PASTOR,ESTADO_REGISTRO,USUARIO_CREACION,FECHA_CREACION,USUARIO_MODIFICACION,FECHA_MODIFICACION) values (38,'CASA DE ADORACION SAN LUCAS SACATEPEQUEZ',5,38,38,'A','MET01',to_date('26/04/2018 00:00:00','DD/MM/RRRR HH24:MI:SS'),null,null);
Insert into MET01.MET01_IGLESIA (IGLESIA,NOMBRE,REGION,ENCARGADO,PASTOR,ESTADO_REGISTRO,USUARIO_CREACION,FECHA_CREACION,USUARIO_MODIFICACION,FECHA_MODIFICACION) values (39,'SUMPANGO - SACATEPEQUEZ',5,39,39,'A','MET01',to_date('26/04/2018 00:00:00','DD/MM/RRRR HH24:MI:SS'),null,null);
Insert into MET01.MET01_IGLESIA (IGLESIA,NOMBRE,REGION,ENCARGADO,PASTOR,ESTADO_REGISTRO,USUARIO_CREACION,FECHA_CREACION,USUARIO_MODIFICACION,FECHA_MODIFICACION) values (40,'REY DE GRACIA - CIUDAD QUETZAL',6,40,40,'A','MET01',to_date('26/04/2018 00:00:00','DD/MM/RRRR HH24:MI:SS'),null,null);
Insert into MET01.MET01_IGLESIA (IGLESIA,NOMBRE,REGION,ENCARGADO,PASTOR,ESTADO_REGISTRO,USUARIO_CREACION,FECHA_CREACION,USUARIO_MODIFICACION,FECHA_MODIFICACION) values (41,'LA ROCA - GRANADOS BAJA VERAPAZ',6,41,41,'A','MET01',to_date('26/04/2018 00:00:00','DD/MM/RRRR HH24:MI:SS'),null,null);
Insert into MET01.MET01_IGLESIA (IGLESIA,NOMBRE,REGION,ENCARGADO,PASTOR,ESTADO_REGISTRO,USUARIO_CREACION,FECHA_CREACION,USUARIO_MODIFICACION,FECHA_MODIFICACION) values (42,'CRISTO SIEMPRE VICTORIOSO SAN FRANCISCO LAS LOMAS SAN JUAN SACATEPEQUEZ',6,42,42,'A','MET01',to_date('26/04/2018 00:00:00','DD/MM/RRRR HH24:MI:SS'),null,null);
Insert into MET01.MET01_IGLESIA (IGLESIA,NOMBRE,REGION,ENCARGADO,PASTOR,ESTADO_REGISTRO,USUARIO_CREACION,FECHA_CREACION,USUARIO_MODIFICACION,FECHA_MODIFICACION) values (43,'PACTO DE GRACIA SAN RAYMUNDO',6,43,43,'A','MET01',to_date('26/04/2018 00:00:00','DD/MM/RRRR HH24:MI:SS'),null,null);
Insert into MET01.MET01_IGLESIA (IGLESIA,NOMBRE,REGION,ENCARGADO,PASTOR,ESTADO_REGISTRO,USUARIO_CREACION,FECHA_CREACION,USUARIO_MODIFICACION,FECHA_MODIFICACION) values (44,'SANTA ROSA - SAN JUAN SACATEPEQUEZ',6,44,44,'A','MET01',to_date('26/04/2018 00:00:00','DD/MM/RRRR HH24:MI:SS'),null,null);
Insert into MET01.MET01_IGLESIA (IGLESIA,NOMBRE,REGION,ENCARGADO,PASTOR,ESTADO_REGISTRO,USUARIO_CREACION,FECHA_CREACION,USUARIO_MODIFICACION,FECHA_MODIFICACION) values (45,'MONTE SANTO - FRAIJANES',3,45,45,'A','MET01',to_date('26/04/2018 00:00:00','DD/MM/RRRR HH24:MI:SS'),null,null);
Insert into MET01.MET01_IGLESIA (IGLESIA,NOMBRE,REGION,ENCARGADO,PASTOR,ESTADO_REGISTRO,USUARIO_CREACION,FECHA_CREACION,USUARIO_MODIFICACION,FECHA_MODIFICACION) values (46,'SANTA INES PINULA KM 20 SAN JOSE PINULA',4,46,46,'A','MET01',to_date('26/04/2018 00:00:00','DD/MM/RRRR HH24:MI:SS'),'MFERNANDEZ',to_date('03/11/2018 10:21:40','DD/MM/RRRR HH24:MI:SS'));
Insert into MET01.MET01_IGLESIA (IGLESIA,NOMBRE,REGION,ENCARGADO,PASTOR,ESTADO_REGISTRO,USUARIO_CREACION,FECHA_CREACION,USUARIO_MODIFICACION,FECHA_MODIFICACION) values (47,'LA LIBERACION DEL ESPIRITU ZONA 7',1,47,47,'A','MET01',to_date('26/04/2018 00:00:00','DD/MM/RRRR HH24:MI:SS'),null,null);
Insert into MET01.MET01_IGLESIA (IGLESIA,NOMBRE,REGION,ENCARGADO,PASTOR,ESTADO_REGISTRO,USUARIO_CREACION,FECHA_CREACION,USUARIO_MODIFICACION,FECHA_MODIFICACION) values (48,'ROCA INCONMOVIBLE PIEDRA PARADA',4,48,48,'A','MET01',to_date('26/04/2018 00:00:00','DD/MM/RRRR HH24:MI:SS'),'MFERNANDEZ',to_date('15/02/2020 15:15:00','DD/MM/RRRR HH24:MI:SS'));
Insert into MET01.MET01_IGLESIA (IGLESIA,NOMBRE,REGION,ENCARGADO,PASTOR,ESTADO_REGISTRO,USUARIO_CREACION,FECHA_CREACION,USUARIO_MODIFICACION,FECHA_MODIFICACION) values (49,'JESUS REY DE REYES MIXCO',1,49,49,'A','MET01',to_date('26/04/2018 00:00:00','DD/MM/RRRR HH24:MI:SS'),null,null);
Insert into MET01.MET01_IGLESIA (IGLESIA,NOMBRE,REGION,ENCARGADO,PASTOR,ESTADO_REGISTRO,USUARIO_CREACION,FECHA_CREACION,USUARIO_MODIFICACION,FECHA_MODIFICACION) values (50,'FRESCA UNCION CHUARRANCHO',6,50,50,'A','MET01',to_date('26/04/2018 00:00:00','DD/MM/RRRR HH24:MI:SS'),'MFERNANDEZ',to_date('03/11/2018 09:26:52','DD/MM/RRRR HH24:MI:SS'));
Insert into MET01.MET01_IGLESIA (IGLESIA,NOMBRE,REGION,ENCARGADO,PASTOR,ESTADO_REGISTRO,USUARIO_CREACION,FECHA_CREACION,USUARIO_MODIFICACION,FECHA_MODIFICACION) values (51,'BEREA ESTANCIA GRANDE - SAN JUAN SACATEPEQUEZ',6,51,51,'A','MET01',to_date('26/04/2018 00:00:00','DD/MM/RRRR HH24:MI:SS'),'MFERNANDEZ',to_date('11/05/2019 10:13:26','DD/MM/RRRR HH24:MI:SS'));
Insert into MET01.MET01_IGLESIA (IGLESIA,NOMBRE,REGION,ENCARGADO,PASTOR,ESTADO_REGISTRO,USUARIO_CREACION,FECHA_CREACION,USUARIO_MODIFICACION,FECHA_MODIFICACION) values (52,'IGLESIA OFICINA CENTRAL',1,52,52,'A','MET01',to_date('26/04/2018 00:00:00','DD/MM/RRRR HH24:MI:SS'),null,null);
Insert into MET01.MET01_IGLESIA (IGLESIA,NOMBRE,REGION,ENCARGADO,PASTOR,ESTADO_REGISTRO,USUARIO_CREACION,FECHA_CREACION,USUARIO_MODIFICACION,FECHA_MODIFICACION) values (53,'IGLESIA PALABRA MIEL MARIANITA',3,53,53,'A','MET01',to_date('28/04/2018 13:24:41','DD/MM/RRRR HH24:MI:SS'),null,null);
Insert into MET01.MET01_IGLESIA (IGLESIA,NOMBRE,REGION,ENCARGADO,PASTOR,ESTADO_REGISTRO,USUARIO_CREACION,FECHA_CREACION,USUARIO_MODIFICACION,FECHA_MODIFICACION) values (75,'PALABRA MIEL ZONA 8',1,75,75,'A','MFERNANDEZ',to_date('02/03/2019 09:39:02','DD/MM/RRRR HH24:MI:SS'),null,null);
Insert into MET01.MET01_IGLESIA (IGLESIA,NOMBRE,REGION,ENCARGADO,PASTOR,ESTADO_REGISTRO,USUARIO_CREACION,FECHA_CREACION,USUARIO_MODIFICACION,FECHA_MODIFICACION) values (81,'IGLESIA DE JESUCRISTO PALABRA MIEL JESUS FUENTE DE VIDA ZONA 3 SAN JOSE PINULA ',4,81,81,'A','MFERNANDEZ',to_date('02/03/2019 18:07:58','DD/MM/RRRR HH24:MI:SS'),null,null);
Insert into MET01.MET01_IGLESIA (IGLESIA,NOMBRE,REGION,ENCARGADO,PASTOR,ESTADO_REGISTRO,USUARIO_CREACION,FECHA_CREACION,USUARIO_MODIFICACION,FECHA_MODIFICACION) values (54,'IGLESIA EMMANUEL ZONA 2',2,54,54,'A','MET01',to_date('29/06/2018 17:16:38','DD/MM/RRRR HH24:MI:SS'),'MFERNANDEZ',to_date('11/05/2019 11:02:39','DD/MM/RRRR HH24:MI:SS'));
Insert into MET01.MET01_IGLESIA (IGLESIA,NOMBRE,REGION,ENCARGADO,PASTOR,ESTADO_REGISTRO,USUARIO_CREACION,FECHA_CREACION,USUARIO_MODIFICACION,FECHA_MODIFICACION) values (55,'IGLESIA JIREH AZACUALPILLA PALENCIA',2,55,55,'A','MET01',to_date('29/06/2018 17:53:15','DD/MM/RRRR HH24:MI:SS'),null,null);
Insert into MET01.MET01_IGLESIA (IGLESIA,NOMBRE,REGION,ENCARGADO,PASTOR,ESTADO_REGISTRO,USUARIO_CREACION,FECHA_CREACION,USUARIO_MODIFICACION,FECHA_MODIFICACION) values (56,'IGLESIA PACTO DE SALVACION ZONA 1',2,56,56,'A','MET01',to_date('29/06/2018 19:24:31','DD/MM/RRRR HH24:MI:SS'),null,null);
Insert into MET01.MET01_IGLESIA (IGLESIA,NOMBRE,REGION,ENCARGADO,PASTOR,ESTADO_REGISTRO,USUARIO_CREACION,FECHA_CREACION,USUARIO_MODIFICACION,FECHA_MODIFICACION) values (57,'IGLESIA CRISTO VENDRA SAN CRISTOBAL',1,57,57,'A','MET01',to_date('29/06/2018 19:32:13','DD/MM/RRRR HH24:MI:SS'),null,null);
Insert into MET01.MET01_IGLESIA (IGLESIA,NOMBRE,REGION,ENCARGADO,PASTOR,ESTADO_REGISTRO,USUARIO_CREACION,FECHA_CREACION,USUARIO_MODIFICACION,FECHA_MODIFICACION) values (68,'IGLESIA PALABRA MIEL A SU MAJESTAD',4,68,68,'A','MFERNANDEZ',to_date('03/11/2018 08:48:59','DD/MM/RRRR HH24:MI:SS'),'MFERNANDEZ',to_date('02/03/2019 13:07:29','DD/MM/RRRR HH24:MI:SS'));
Insert into MET01.MET01_IGLESIA (IGLESIA,NOMBRE,REGION,ENCARGADO,PASTOR,ESTADO_REGISTRO,USUARIO_CREACION,FECHA_CREACION,USUARIO_MODIFICACION,FECHA_MODIFICACION) values (85,'LA BENDICION ZONA 3 38 CALLE ',2,85,85,'A','MFERNANDEZ',to_date('15/02/2020 13:17:58','DD/MM/RRRR HH24:MI:SS'),null,null);
REM INSERTING into MET01.MET01_PASTOR
SET DEFINE OFF;
Insert into MET01.MET01_PASTOR (PASTOR,NOMBRE,ESTADO_REGISTRO,USUARIO_CREACION,FECHA_CREACION,USUARIO_MODIFICACION,FECHA_MODIFICACION) values (70,'OVIDIO BARRASA','A','MFERNANDEZ',to_date('03/11/2018 09:21:52','DD/MM/RRRR HH24:MI:SS'),null,null);
Insert into MET01.MET01_PASTOR (PASTOR,NOMBRE,ESTADO_REGISTRO,USUARIO_CREACION,FECHA_CREACION,USUARIO_MODIFICACION,FECHA_MODIFICACION) values (74,'ALEJANDRO LUCERO','A','MFERNANDEZ',to_date('03/11/2018 13:09:50','DD/MM/RRRR HH24:MI:SS'),null,null);
Insert into MET01.MET01_PASTOR (PASTOR,NOMBRE,ESTADO_REGISTRO,USUARIO_CREACION,FECHA_CREACION,USUARIO_MODIFICACION,FECHA_MODIFICACION) values (76,'FERMIN TENAS','A','MFERNANDEZ',to_date('02/03/2019 09:44:27','DD/MM/RRRR HH24:MI:SS'),null,null);
Insert into MET01.MET01_PASTOR (PASTOR,NOMBRE,ESTADO_REGISTRO,USUARIO_CREACION,FECHA_CREACION,USUARIO_MODIFICACION,FECHA_MODIFICACION) values (79,'JOSUE ENRIQUE REINA','A','MFERNANDEZ',to_date('02/03/2019 13:50:52','DD/MM/RRRR HH24:MI:SS'),null,null);
Insert into MET01.MET01_PASTOR (PASTOR,NOMBRE,ESTADO_REGISTRO,USUARIO_CREACION,FECHA_CREACION,USUARIO_MODIFICACION,FECHA_MODIFICACION) values (80,'JORGE CALLEJAS','A','MFERNANDEZ',to_date('02/03/2019 16:11:44','DD/MM/RRRR HH24:MI:SS'),null,null);
Insert into MET01.MET01_PASTOR (PASTOR,NOMBRE,ESTADO_REGISTRO,USUARIO_CREACION,FECHA_CREACION,USUARIO_MODIFICACION,FECHA_MODIFICACION) values (82,'ELISEO HERNANDEZ','A','MFERNANDEZ',to_date('11/05/2019 10:26:17','DD/MM/RRRR HH24:MI:SS'),null,null);
Insert into MET01.MET01_PASTOR (PASTOR,NOMBRE,ESTADO_REGISTRO,USUARIO_CREACION,FECHA_CREACION,USUARIO_MODIFICACION,FECHA_MODIFICACION) values (60,'ADONIAS SAPALU','A','MET01',to_date('30/06/2018 17:42:02','DD/MM/RRRR HH24:MI:SS'),null,null);
Insert into MET01.MET01_PASTOR (PASTOR,NOMBRE,ESTADO_REGISTRO,USUARIO_CREACION,FECHA_CREACION,USUARIO_MODIFICACION,FECHA_MODIFICACION) values (61,'OTTO ADRIAN XOT TACATIC','A','MET01',to_date('01/07/2018 10:23:32','DD/MM/RRRR HH24:MI:SS'),null,null);
Insert into MET01.MET01_PASTOR (PASTOR,NOMBRE,ESTADO_REGISTRO,USUARIO_CREACION,FECHA_CREACION,USUARIO_MODIFICACION,FECHA_MODIFICACION) values (69,'ENRIQUE SALES','A','MFERNANDEZ',to_date('03/11/2018 08:58:19','DD/MM/RRRR HH24:MI:SS'),null,null);
Insert into MET01.MET01_PASTOR (PASTOR,NOMBRE,ESTADO_REGISTRO,USUARIO_CREACION,FECHA_CREACION,USUARIO_MODIFICACION,FECHA_MODIFICACION) values (71,'MARIO TORRES','A','MFERNANDEZ',to_date('03/11/2018 09:31:29','DD/MM/RRRR HH24:MI:SS'),null,null);
Insert into MET01.MET01_PASTOR (PASTOR,NOMBRE,ESTADO_REGISTRO,USUARIO_CREACION,FECHA_CREACION,USUARIO_MODIFICACION,FECHA_MODIFICACION) values (72,'BRAULIO HERRERA','A','MFERNANDEZ',to_date('03/11/2018 09:44:12','DD/MM/RRRR HH24:MI:SS'),null,null);
Insert into MET01.MET01_PASTOR (PASTOR,NOMBRE,ESTADO_REGISTRO,USUARIO_CREACION,FECHA_CREACION,USUARIO_MODIFICACION,FECHA_MODIFICACION) values (73,'JOSE FERNEL ROSALES','A','MFERNANDEZ',to_date('03/11/2018 10:05:02','DD/MM/RRRR HH24:MI:SS'),null,null);
Insert into MET01.MET01_PASTOR (PASTOR,NOMBRE,ESTADO_REGISTRO,USUARIO_CREACION,FECHA_CREACION,USUARIO_MODIFICACION,FECHA_MODIFICACION) values (77,'ARMANDO CHAVEZ TALENTO','A','MFERNANDEZ',to_date('02/03/2019 10:03:26','DD/MM/RRRR HH24:MI:SS'),null,null);
Insert into MET01.MET01_PASTOR (PASTOR,NOMBRE,ESTADO_REGISTRO,USUARIO_CREACION,FECHA_CREACION,USUARIO_MODIFICACION,FECHA_MODIFICACION) values (83,'JORGE CAYEJAS','A','MFERNANDEZ',to_date('11/05/2019 11:10:00','DD/MM/RRRR HH24:MI:SS'),null,null);
Insert into MET01.MET01_PASTOR (PASTOR,NOMBRE,ESTADO_REGISTRO,USUARIO_CREACION,FECHA_CREACION,USUARIO_MODIFICACION,FECHA_MODIFICACION) values (58,'ULISIS MAXIMILIANO RODAS','A','MET01',to_date('29/06/2018 20:59:58','DD/MM/RRRR HH24:MI:SS'),null,null);
Insert into MET01.MET01_PASTOR (PASTOR,NOMBRE,ESTADO_REGISTRO,USUARIO_CREACION,FECHA_CREACION,USUARIO_MODIFICACION,FECHA_MODIFICACION) values (59,'ROSALIO BLANCO','A','MET01',to_date('29/06/2018 21:14:40','DD/MM/RRRR HH24:MI:SS'),null,null);
Insert into MET01.MET01_PASTOR (PASTOR,NOMBRE,ESTADO_REGISTRO,USUARIO_CREACION,FECHA_CREACION,USUARIO_MODIFICACION,FECHA_MODIFICACION) values (62,'GIOVANI ALONZO','A','MET01',to_date('01/07/2018 10:23:32','DD/MM/RRRR HH24:MI:SS'),null,null);
Insert into MET01.MET01_PASTOR (PASTOR,NOMBRE,ESTADO_REGISTRO,USUARIO_CREACION,FECHA_CREACION,USUARIO_MODIFICACION,FECHA_MODIFICACION) values (63,'MIGUEL ANGEL RAMIREZ','A','MET01',to_date('01/07/2018 10:23:32','DD/MM/RRRR HH24:MI:SS'),null,null);
Insert into MET01.MET01_PASTOR (PASTOR,NOMBRE,ESTADO_REGISTRO,USUARIO_CREACION,FECHA_CREACION,USUARIO_MODIFICACION,FECHA_MODIFICACION) values (64,'ALEJANDRO LUCERO','A','MET01',to_date('01/07/2018 10:23:32','DD/MM/RRRR HH24:MI:SS'),null,null);
Insert into MET01.MET01_PASTOR (PASTOR,NOMBRE,ESTADO_REGISTRO,USUARIO_CREACION,FECHA_CREACION,USUARIO_MODIFICACION,FECHA_MODIFICACION) values (65,'NECTOR ROSALES','A','MET01',to_date('01/07/2018 10:23:32','DD/MM/RRRR HH24:MI:SS'),null,null);
Insert into MET01.MET01_PASTOR (PASTOR,NOMBRE,ESTADO_REGISTRO,USUARIO_CREACION,FECHA_CREACION,USUARIO_MODIFICACION,FECHA_MODIFICACION) values (66,'MAXIMO VELASQUEZ','A','MET01',to_date('01/07/2018 10:23:32','DD/MM/RRRR HH24:MI:SS'),null,null);
Insert into MET01.MET01_PASTOR (PASTOR,NOMBRE,ESTADO_REGISTRO,USUARIO_CREACION,FECHA_CREACION,USUARIO_MODIFICACION,FECHA_MODIFICACION) values (67,'JOSE MENDEZ','A','MET01',to_date('01/07/2018 10:23:32','DD/MM/RRRR HH24:MI:SS'),null,null);
Insert into MET01.MET01_PASTOR (PASTOR,NOMBRE,ESTADO_REGISTRO,USUARIO_CREACION,FECHA_CREACION,USUARIO_MODIFICACION,FECHA_MODIFICACION) values (78,'CATALINO GARCIA ALVARADO','A','MFERNANDEZ',to_date('02/03/2019 13:46:38','DD/MM/RRRR HH24:MI:SS'),null,null);
Insert into MET01.MET01_PASTOR (PASTOR,NOMBRE,ESTADO_REGISTRO,USUARIO_CREACION,FECHA_CREACION,USUARIO_MODIFICACION,FECHA_MODIFICACION) values (84,'MARCO AGUSTO AJVIX','A','MFERNANDEZ',to_date('15/02/2020 11:29:45','DD/MM/RRRR HH24:MI:SS'),null,null);
Insert into MET01.MET01_PASTOR (PASTOR,NOMBRE,ESTADO_REGISTRO,USUARIO_CREACION,FECHA_CREACION,USUARIO_MODIFICACION,FECHA_MODIFICACION) values (86,'HUGO MUÑOZ','A','MFERNANDEZ',to_date('15/02/2020 13:44:47','DD/MM/RRRR HH24:MI:SS'),null,null);
Insert into MET01.MET01_PASTOR (PASTOR,NOMBRE,ESTADO_REGISTRO,USUARIO_CREACION,FECHA_CREACION,USUARIO_MODIFICACION,FECHA_MODIFICACION) values (1,'MARVIN JUAREZ','A','MET01',to_date('26/04/2018 00:00:00','DD/MM/RRRR HH24:MI:SS'),'JCATUN',to_date('12/12/2019 10:43:21','DD/MM/RRRR HH24:MI:SS'));
Insert into MET01.MET01_PASTOR (PASTOR,NOMBRE,ESTADO_REGISTRO,USUARIO_CREACION,FECHA_CREACION,USUARIO_MODIFICACION,FECHA_MODIFICACION) values (2,'BYRON DONIS','A','MET01',to_date('26/04/2018 00:00:00','DD/MM/RRRR HH24:MI:SS'),null,null);
Insert into MET01.MET01_PASTOR (PASTOR,NOMBRE,ESTADO_REGISTRO,USUARIO_CREACION,FECHA_CREACION,USUARIO_MODIFICACION,FECHA_MODIFICACION) values (3,'LEONEL FLORES','A','MET01',to_date('26/04/2018 00:00:00','DD/MM/RRRR HH24:MI:SS'),null,null);
Insert into MET01.MET01_PASTOR (PASTOR,NOMBRE,ESTADO_REGISTRO,USUARIO_CREACION,FECHA_CREACION,USUARIO_MODIFICACION,FECHA_MODIFICACION) values (4,'JORGE LUIS SALGUERO','A','MET01',to_date('26/04/2018 00:00:00','DD/MM/RRRR HH24:MI:SS'),null,null);
Insert into MET01.MET01_PASTOR (PASTOR,NOMBRE,ESTADO_REGISTRO,USUARIO_CREACION,FECHA_CREACION,USUARIO_MODIFICACION,FECHA_MODIFICACION) values (5,'JESUS ESPAÑA','A','MET01',to_date('26/04/2018 00:00:00','DD/MM/RRRR HH24:MI:SS'),null,null);
Insert into MET01.MET01_PASTOR (PASTOR,NOMBRE,ESTADO_REGISTRO,USUARIO_CREACION,FECHA_CREACION,USUARIO_MODIFICACION,FECHA_MODIFICACION) values (6,'REGINO TACATIC','A','MET01',to_date('26/04/2018 00:00:00','DD/MM/RRRR HH24:MI:SS'),null,null);
Insert into MET01.MET01_PASTOR (PASTOR,NOMBRE,ESTADO_REGISTRO,USUARIO_CREACION,FECHA_CREACION,USUARIO_MODIFICACION,FECHA_MODIFICACION) values (7,'ANGEL RAMIREZ','A','MET01',to_date('26/04/2018 00:00:00','DD/MM/RRRR HH24:MI:SS'),null,null);
Insert into MET01.MET01_PASTOR (PASTOR,NOMBRE,ESTADO_REGISTRO,USUARIO_CREACION,FECHA_CREACION,USUARIO_MODIFICACION,FECHA_MODIFICACION) values (8,'ALONZO MIRANDA','A','MET01',to_date('26/04/2018 00:00:00','DD/MM/RRRR HH24:MI:SS'),null,null);
Insert into MET01.MET01_PASTOR (PASTOR,NOMBRE,ESTADO_REGISTRO,USUARIO_CREACION,FECHA_CREACION,USUARIO_MODIFICACION,FECHA_MODIFICACION) values (9,'VIRGILIO CUSCO','A','MET01',to_date('26/04/2018 00:00:00','DD/MM/RRRR HH24:MI:SS'),null,null);
Insert into MET01.MET01_PASTOR (PASTOR,NOMBRE,ESTADO_REGISTRO,USUARIO_CREACION,FECHA_CREACION,USUARIO_MODIFICACION,FECHA_MODIFICACION) values (10,'ERICSON LOPEZ','A','MET01',to_date('26/04/2018 00:00:00','DD/MM/RRRR HH24:MI:SS'),null,null);
Insert into MET01.MET01_PASTOR (PASTOR,NOMBRE,ESTADO_REGISTRO,USUARIO_CREACION,FECHA_CREACION,USUARIO_MODIFICACION,FECHA_MODIFICACION) values (11,'CARLOS NAJERA','A','MET01',to_date('26/04/2018 00:00:00','DD/MM/RRRR HH24:MI:SS'),null,null);
Insert into MET01.MET01_PASTOR (PASTOR,NOMBRE,ESTADO_REGISTRO,USUARIO_CREACION,FECHA_CREACION,USUARIO_MODIFICACION,FECHA_MODIFICACION) values (12,'EDGAR MAZARIEGOS','A','MET01',to_date('26/04/2018 00:00:00','DD/MM/RRRR HH24:MI:SS'),null,null);
Insert into MET01.MET01_PASTOR (PASTOR,NOMBRE,ESTADO_REGISTRO,USUARIO_CREACION,FECHA_CREACION,USUARIO_MODIFICACION,FECHA_MODIFICACION) values (13,'ANGEL RAMIREZ','A','MET01',to_date('26/04/2018 00:00:00','DD/MM/RRRR HH24:MI:SS'),'MFERNANDEZ',to_date('15/02/2020 11:39:10','DD/MM/RRRR HH24:MI:SS'));
Insert into MET01.MET01_PASTOR (PASTOR,NOMBRE,ESTADO_REGISTRO,USUARIO_CREACION,FECHA_CREACION,USUARIO_MODIFICACION,FECHA_MODIFICACION) values (14,'CRISTOPHER RIVAS','A','MET01',to_date('26/04/2018 00:00:00','DD/MM/RRRR HH24:MI:SS'),null,null);
Insert into MET01.MET01_PASTOR (PASTOR,NOMBRE,ESTADO_REGISTRO,USUARIO_CREACION,FECHA_CREACION,USUARIO_MODIFICACION,FECHA_MODIFICACION) values (15,'CESAR RAMIREZ','A','MET01',to_date('26/04/2018 00:00:00','DD/MM/RRRR HH24:MI:SS'),null,null);
Insert into MET01.MET01_PASTOR (PASTOR,NOMBRE,ESTADO_REGISTRO,USUARIO_CREACION,FECHA_CREACION,USUARIO_MODIFICACION,FECHA_MODIFICACION) values (16,'HERBERT MUÑOZ','A','MET01',to_date('26/04/2018 00:00:00','DD/MM/RRRR HH24:MI:SS'),null,null);
Insert into MET01.MET01_PASTOR (PASTOR,NOMBRE,ESTADO_REGISTRO,USUARIO_CREACION,FECHA_CREACION,USUARIO_MODIFICACION,FECHA_MODIFICACION) values (17,'DOMINGO TZINA','A','MET01',to_date('26/04/2018 00:00:00','DD/MM/RRRR HH24:MI:SS'),null,null);
Insert into MET01.MET01_PASTOR (PASTOR,NOMBRE,ESTADO_REGISTRO,USUARIO_CREACION,FECHA_CREACION,USUARIO_MODIFICACION,FECHA_MODIFICACION) values (18,'RICARDO RODRIGUEZ','A','MET01',to_date('26/04/2018 00:00:00','DD/MM/RRRR HH24:MI:SS'),null,null);
Insert into MET01.MET01_PASTOR (PASTOR,NOMBRE,ESTADO_REGISTRO,USUARIO_CREACION,FECHA_CREACION,USUARIO_MODIFICACION,FECHA_MODIFICACION) values (19,'SIRIACO SANCHEZ','A','MET01',to_date('26/04/2018 00:00:00','DD/MM/RRRR HH24:MI:SS'),null,null);
Insert into MET01.MET01_PASTOR (PASTOR,NOMBRE,ESTADO_REGISTRO,USUARIO_CREACION,FECHA_CREACION,USUARIO_MODIFICACION,FECHA_MODIFICACION) values (20,'CARLOS BARRIENTOS','A','MET01',to_date('26/04/2018 00:00:00','DD/MM/RRRR HH24:MI:SS'),'MFERNANDEZ',to_date('02/03/2019 11:47:44','DD/MM/RRRR HH24:MI:SS'));
Insert into MET01.MET01_PASTOR (PASTOR,NOMBRE,ESTADO_REGISTRO,USUARIO_CREACION,FECHA_CREACION,USUARIO_MODIFICACION,FECHA_MODIFICACION) values (21,'RAMON LEAL','A','MET01',to_date('26/04/2018 00:00:00','DD/MM/RRRR HH24:MI:SS'),null,null);
Insert into MET01.MET01_PASTOR (PASTOR,NOMBRE,ESTADO_REGISTRO,USUARIO_CREACION,FECHA_CREACION,USUARIO_MODIFICACION,FECHA_MODIFICACION) values (22,'ELI PEDRO LOPEZ','A','MET01',to_date('26/04/2018 00:00:00','DD/MM/RRRR HH24:MI:SS'),null,null);
Insert into MET01.MET01_PASTOR (PASTOR,NOMBRE,ESTADO_REGISTRO,USUARIO_CREACION,FECHA_CREACION,USUARIO_MODIFICACION,FECHA_MODIFICACION) values (23,'WILLY COTON','A','MET01',to_date('26/04/2018 00:00:00','DD/MM/RRRR HH24:MI:SS'),null,null);
Insert into MET01.MET01_PASTOR (PASTOR,NOMBRE,ESTADO_REGISTRO,USUARIO_CREACION,FECHA_CREACION,USUARIO_MODIFICACION,FECHA_MODIFICACION) values (24,'ADONIAS JUAN','A','MET01',to_date('26/04/2018 00:00:00','DD/MM/RRRR HH24:MI:SS'),null,null);
Insert into MET01.MET01_PASTOR (PASTOR,NOMBRE,ESTADO_REGISTRO,USUARIO_CREACION,FECHA_CREACION,USUARIO_MODIFICACION,FECHA_MODIFICACION) values (25,'FRANCISCO INTERIANO','A','MET01',to_date('26/04/2018 00:00:00','DD/MM/RRRR HH24:MI:SS'),null,null);
Insert into MET01.MET01_PASTOR (PASTOR,NOMBRE,ESTADO_REGISTRO,USUARIO_CREACION,FECHA_CREACION,USUARIO_MODIFICACION,FECHA_MODIFICACION) values (26,'TEREZO LOCH','A','MET01',to_date('26/04/2018 00:00:00','DD/MM/RRRR HH24:MI:SS'),null,null);
Insert into MET01.MET01_PASTOR (PASTOR,NOMBRE,ESTADO_REGISTRO,USUARIO_CREACION,FECHA_CREACION,USUARIO_MODIFICACION,FECHA_MODIFICACION) values (27,'JUVENTINO SOTO','A','MET01',to_date('26/04/2018 00:00:00','DD/MM/RRRR HH24:MI:SS'),null,null);
Insert into MET01.MET01_PASTOR (PASTOR,NOMBRE,ESTADO_REGISTRO,USUARIO_CREACION,FECHA_CREACION,USUARIO_MODIFICACION,FECHA_MODIFICACION) values (28,'ROBERTO COLOMA','A','MET01',to_date('26/04/2018 00:00:00','DD/MM/RRRR HH24:MI:SS'),null,null);
Insert into MET01.MET01_PASTOR (PASTOR,NOMBRE,ESTADO_REGISTRO,USUARIO_CREACION,FECHA_CREACION,USUARIO_MODIFICACION,FECHA_MODIFICACION) values (29,'ARTURO CONTRERAS','A','MET01',to_date('26/04/2018 00:00:00','DD/MM/RRRR HH24:MI:SS'),null,null);
Insert into MET01.MET01_PASTOR (PASTOR,NOMBRE,ESTADO_REGISTRO,USUARIO_CREACION,FECHA_CREACION,USUARIO_MODIFICACION,FECHA_MODIFICACION) values (30,'HUGO ZUÑIGA','A','MET01',to_date('26/04/2018 00:00:00','DD/MM/RRRR HH24:MI:SS'),null,null);
Insert into MET01.MET01_PASTOR (PASTOR,NOMBRE,ESTADO_REGISTRO,USUARIO_CREACION,FECHA_CREACION,USUARIO_MODIFICACION,FECHA_MODIFICACION) values (31,'GIOVANNI SOTO','A','MET01',to_date('26/04/2018 00:00:00','DD/MM/RRRR HH24:MI:SS'),null,null);
Insert into MET01.MET01_PASTOR (PASTOR,NOMBRE,ESTADO_REGISTRO,USUARIO_CREACION,FECHA_CREACION,USUARIO_MODIFICACION,FECHA_MODIFICACION) values (32,'LORENZO CHAVEZ','A','MET01',to_date('26/04/2018 00:00:00','DD/MM/RRRR HH24:MI:SS'),null,null);
Insert into MET01.MET01_PASTOR (PASTOR,NOMBRE,ESTADO_REGISTRO,USUARIO_CREACION,FECHA_CREACION,USUARIO_MODIFICACION,FECHA_MODIFICACION) values (33,'ARMANDO CHAVEZ','A','MET01',to_date('26/04/2018 00:00:00','DD/MM/RRRR HH24:MI:SS'),null,null);
Insert into MET01.MET01_PASTOR (PASTOR,NOMBRE,ESTADO_REGISTRO,USUARIO_CREACION,FECHA_CREACION,USUARIO_MODIFICACION,FECHA_MODIFICACION) values (34,'JULIO GARCIA','A','MET01',to_date('26/04/2018 00:00:00','DD/MM/RRRR HH24:MI:SS'),null,null);
Insert into MET01.MET01_PASTOR (PASTOR,NOMBRE,ESTADO_REGISTRO,USUARIO_CREACION,FECHA_CREACION,USUARIO_MODIFICACION,FECHA_MODIFICACION) values (35,'MARCOANTONIO ASPUAC','A','MET01',to_date('26/04/2018 00:00:00','DD/MM/RRRR HH24:MI:SS'),null,null);
Insert into MET01.MET01_PASTOR (PASTOR,NOMBRE,ESTADO_REGISTRO,USUARIO_CREACION,FECHA_CREACION,USUARIO_MODIFICACION,FECHA_MODIFICACION) values (36,'ORACIO GARCIA MENDEZ','A','MET01',to_date('26/04/2018 00:00:00','DD/MM/RRRR HH24:MI:SS'),null,null);
Insert into MET01.MET01_PASTOR (PASTOR,NOMBRE,ESTADO_REGISTRO,USUARIO_CREACION,FECHA_CREACION,USUARIO_MODIFICACION,FECHA_MODIFICACION) values (37,'SERGIO JUAREZ','A','MET01',to_date('26/04/2018 00:00:00','DD/MM/RRRR HH24:MI:SS'),null,null);
Insert into MET01.MET01_PASTOR (PASTOR,NOMBRE,ESTADO_REGISTRO,USUARIO_CREACION,FECHA_CREACION,USUARIO_MODIFICACION,FECHA_MODIFICACION) values (38,'JULIO MORALES','A','MET01',to_date('26/04/2018 00:00:00','DD/MM/RRRR HH24:MI:SS'),null,null);
Insert into MET01.MET01_PASTOR (PASTOR,NOMBRE,ESTADO_REGISTRO,USUARIO_CREACION,FECHA_CREACION,USUARIO_MODIFICACION,FECHA_MODIFICACION) values (39,'WILLY COTON','A','MET01',to_date('26/04/2018 00:00:00','DD/MM/RRRR HH24:MI:SS'),'MFERNANDEZ',to_date('11/05/2019 10:09:04','DD/MM/RRRR HH24:MI:SS'));
Insert into MET01.MET01_PASTOR (PASTOR,NOMBRE,ESTADO_REGISTRO,USUARIO_CREACION,FECHA_CREACION,USUARIO_MODIFICACION,FECHA_MODIFICACION) values (40,'CRISTOBAL NORIEGA LARA','A','MET01',to_date('26/04/2018 00:00:00','DD/MM/RRRR HH24:MI:SS'),null,null);
Insert into MET01.MET01_PASTOR (PASTOR,NOMBRE,ESTADO_REGISTRO,USUARIO_CREACION,FECHA_CREACION,USUARIO_MODIFICACION,FECHA_MODIFICACION) values (41,'JULIAN SANTIAGO MENDEZ','A','MET01',to_date('26/04/2018 00:00:00','DD/MM/RRRR HH24:MI:SS'),null,null);
Insert into MET01.MET01_PASTOR (PASTOR,NOMBRE,ESTADO_REGISTRO,USUARIO_CREACION,FECHA_CREACION,USUARIO_MODIFICACION,FECHA_MODIFICACION) values (42,'AGUSTIN SURUY','A','MET01',to_date('26/04/2018 00:00:00','DD/MM/RRRR HH24:MI:SS'),null,null);
Insert into MET01.MET01_PASTOR (PASTOR,NOMBRE,ESTADO_REGISTRO,USUARIO_CREACION,FECHA_CREACION,USUARIO_MODIFICACION,FECHA_MODIFICACION) values (43,'CRISTOBAL NORIEGA','A','MET01',to_date('26/04/2018 00:00:00','DD/MM/RRRR HH24:MI:SS'),'MFERNANDEZ',to_date('03/11/2018 08:45:23','DD/MM/RRRR HH24:MI:SS'));
Insert into MET01.MET01_PASTOR (PASTOR,NOMBRE,ESTADO_REGISTRO,USUARIO_CREACION,FECHA_CREACION,USUARIO_MODIFICACION,FECHA_MODIFICACION) values (44,'GABINO SURUY IXPEC','A','MET01',to_date('26/04/2018 00:00:00','DD/MM/RRRR HH24:MI:SS'),null,null);
Insert into MET01.MET01_PASTOR (PASTOR,NOMBRE,ESTADO_REGISTRO,USUARIO_CREACION,FECHA_CREACION,USUARIO_MODIFICACION,FECHA_MODIFICACION) values (45,'SERGIO HERRERA','A','MET01',to_date('26/04/2018 00:00:00','DD/MM/RRRR HH24:MI:SS'),null,null);
Insert into MET01.MET01_PASTOR (PASTOR,NOMBRE,ESTADO_REGISTRO,USUARIO_CREACION,FECHA_CREACION,USUARIO_MODIFICACION,FECHA_MODIFICACION) values (46,'ARTURO CONTRERAS','A','MET01',to_date('26/04/2018 00:00:00','DD/MM/RRRR HH24:MI:SS'),null,null);
Insert into MET01.MET01_PASTOR (PASTOR,NOMBRE,ESTADO_REGISTRO,USUARIO_CREACION,FECHA_CREACION,USUARIO_MODIFICACION,FECHA_MODIFICACION) values (47,'EDGAR BOLAÑOS','A','MET01',to_date('26/04/2018 00:00:00','DD/MM/RRRR HH24:MI:SS'),null,null);
Insert into MET01.MET01_PASTOR (PASTOR,NOMBRE,ESTADO_REGISTRO,USUARIO_CREACION,FECHA_CREACION,USUARIO_MODIFICACION,FECHA_MODIFICACION) values (48,'JUAN ALBERTO ALVIZURES','A','MET01',to_date('26/04/2018 00:00:00','DD/MM/RRRR HH24:MI:SS'),null,null);
Insert into MET01.MET01_PASTOR (PASTOR,NOMBRE,ESTADO_REGISTRO,USUARIO_CREACION,FECHA_CREACION,USUARIO_MODIFICACION,FECHA_MODIFICACION) values (49,'FRANCISCO GUAMUCH','A','MET01',to_date('26/04/2018 00:00:00','DD/MM/RRRR HH24:MI:SS'),null,null);
Insert into MET01.MET01_PASTOR (PASTOR,NOMBRE,ESTADO_REGISTRO,USUARIO_CREACION,FECHA_CREACION,USUARIO_MODIFICACION,FECHA_MODIFICACION) values (50,'RUDY RIVERA','A','MET01',to_date('26/04/2018 00:00:00','DD/MM/RRRR HH24:MI:SS'),null,null);
Insert into MET01.MET01_PASTOR (PASTOR,NOMBRE,ESTADO_REGISTRO,USUARIO_CREACION,FECHA_CREACION,USUARIO_MODIFICACION,FECHA_MODIFICACION) values (51,'MODESTO GUAMUCH','A','MET01',to_date('26/04/2018 00:00:00','DD/MM/RRRR HH24:MI:SS'),null,null);
Insert into MET01.MET01_PASTOR (PASTOR,NOMBRE,ESTADO_REGISTRO,USUARIO_CREACION,FECHA_CREACION,USUARIO_MODIFICACION,FECHA_MODIFICACION) values (52,'APOSTOL GASPAR SAPALU','A','MET01',to_date('26/04/2018 00:00:00','DD/MM/RRRR HH24:MI:SS'),null,null);
Insert into MET01.MET01_PASTOR (PASTOR,NOMBRE,ESTADO_REGISTRO,USUARIO_CREACION,FECHA_CREACION,USUARIO_MODIFICACION,FECHA_MODIFICACION) values (53,'NICOLAS ELIAS PIEDRASANTA LAINES','A','MET01',to_date('28/04/2018 13:23:18','DD/MM/RRRR HH24:MI:SS'),null,null);
Insert into MET01.MET01_PASTOR (PASTOR,NOMBRE,ESTADO_REGISTRO,USUARIO_CREACION,FECHA_CREACION,USUARIO_MODIFICACION,FECHA_MODIFICACION) values (75,'OSCAR IXCOP','A','MFERNANDEZ',to_date('02/03/2019 09:39:02','DD/MM/RRRR HH24:MI:SS'),null,null);
Insert into MET01.MET01_PASTOR (PASTOR,NOMBRE,ESTADO_REGISTRO,USUARIO_CREACION,FECHA_CREACION,USUARIO_MODIFICACION,FECHA_MODIFICACION) values (81,'ROBERTO RUANO','A','MFERNANDEZ',to_date('02/03/2019 18:07:56','DD/MM/RRRR HH24:MI:SS'),null,null);
Insert into MET01.MET01_PASTOR (PASTOR,NOMBRE,ESTADO_REGISTRO,USUARIO_CREACION,FECHA_CREACION,USUARIO_MODIFICACION,FECHA_MODIFICACION) values (54,'WALTER HERRERA','A','MET01',to_date('29/06/2018 17:14:03','DD/MM/RRRR HH24:MI:SS'),null,null);
Insert into MET01.MET01_PASTOR (PASTOR,NOMBRE,ESTADO_REGISTRO,USUARIO_CREACION,FECHA_CREACION,USUARIO_MODIFICACION,FECHA_MODIFICACION) values (55,'MIGUEL ARNOLDO DE LA CRUZ','A','MET01',to_date('29/06/2018 17:52:06','DD/MM/RRRR HH24:MI:SS'),null,null);
Insert into MET01.MET01_PASTOR (PASTOR,NOMBRE,ESTADO_REGISTRO,USUARIO_CREACION,FECHA_CREACION,USUARIO_MODIFICACION,FECHA_MODIFICACION) values (56,'EDGAR CHICHE','A','MET01',to_date('29/06/2018 19:23:06','DD/MM/RRRR HH24:MI:SS'),null,null);
Insert into MET01.MET01_PASTOR (PASTOR,NOMBRE,ESTADO_REGISTRO,USUARIO_CREACION,FECHA_CREACION,USUARIO_MODIFICACION,FECHA_MODIFICACION) values (57,'ALEJANDRO LUCERO','A','MET01',to_date('29/06/2018 19:30:59','DD/MM/RRRR HH24:MI:SS'),null,null);
Insert into MET01.MET01_PASTOR (PASTOR,NOMBRE,ESTADO_REGISTRO,USUARIO_CREACION,FECHA_CREACION,USUARIO_MODIFICACION,FECHA_MODIFICACION) values (68,'JUAN JOSE GONZALEZ SOLARES','A','MFERNANDEZ',to_date('03/11/2018 08:48:59','DD/MM/RRRR HH24:MI:SS'),null,null);
Insert into MET01.MET01_PASTOR (PASTOR,NOMBRE,ESTADO_REGISTRO,USUARIO_CREACION,FECHA_CREACION,USUARIO_MODIFICACION,FECHA_MODIFICACION) values (85,'MARTIN MICULAX ','A','MFERNANDEZ',to_date('15/02/2020 13:17:58','DD/MM/RRRR HH24:MI:SS'),null,null);
REM INSERTING into MET01.MET01_RECIBO
SET DEFINE OFF;
Insert into MET01.MET01_RECIBO (RECIBO,NOMBRE,TOTAL,TOTAL_LETRAS,CONCEPTO,EVENTO,IGLESIA,ESTADO_REGISTRO,USUARIO_CREACION,FECHA_CREACION,USUARIO_MODIFICACION,FECHA_MODIFICACION) values (103,'RIOS DE AGUA VIVA - ZONA 1',900,'NOVECIENTOS QUETZALES CON 00/100','OFRENDA DE LA FIESTA NOVIEMBRE 2018',4,15,'A','MFERNANDEZ',to_date('03/11/2018 08:22:32','DD/MM/RRRR HH24:MI:SS'),null,null);
Insert into MET01.MET01_RECIBO (RECIBO,NOMBRE,TOTAL,TOTAL_LETRAS,CONCEPTO,EVENTO,IGLESIA,ESTADO_REGISTRO,USUARIO_CREACION,FECHA_CREACION,USUARIO_MODIFICACION,FECHA_MODIFICACION) values (104,'CRISTO SIEMPRE VICTORIOSO SAN FRANCISCO LAS LOMAS SAN JUAN SACATEPEQUEZ',300,'TRES CIENTOS  QUETZALES CON 00/100','OFRENDA DE LA FIESTA NOVIEMBRE 2018',4,42,'A','MFERNANDEZ',to_date('03/11/2018 08:29:26','DD/MM/RRRR HH24:MI:SS'),null,null);
Insert into MET01.MET01_RECIBO (RECIBO,NOMBRE,TOTAL,TOTAL_LETRAS,CONCEPTO,EVENTO,IGLESIA,ESTADO_REGISTRO,USUARIO_CREACION,FECHA_CREACION,USUARIO_MODIFICACION,FECHA_MODIFICACION) values (105,'CANTICO NUEVO VILLA CANALES',445,'CUATRO CIENTOS  CUARENTA Y CINCO QUETZALES CON 00/100','OFRENDA DE LA FIESTA NOVIEMBRE 2018',4,31,'A','MFERNANDEZ',to_date('03/11/2018 08:33:54','DD/MM/RRRR HH24:MI:SS'),null,null);
Insert into MET01.MET01_RECIBO (RECIBO,NOMBRE,TOTAL,TOTAL_LETRAS,CONCEPTO,EVENTO,IGLESIA,ESTADO_REGISTRO,USUARIO_CREACION,FECHA_CREACION,USUARIO_MODIFICACION,FECHA_MODIFICACION) values (115,'DIOS ES MI PAZ FRAIJANES',250,'DOS CIENTOS  CINCUENTA QUETZALES CON 00/100','OFRENDA DE LA FIESTA NOVIEMBRE 2018',4,69,'A','MFERNANDEZ',to_date('03/11/2018 08:58:51','DD/MM/RRRR HH24:MI:SS'),null,null);
Insert into MET01.MET01_RECIBO (RECIBO,NOMBRE,TOTAL,TOTAL_LETRAS,CONCEPTO,EVENTO,IGLESIA,ESTADO_REGISTRO,USUARIO_CREACION,FECHA_CREACION,USUARIO_MODIFICACION,FECHA_MODIFICACION) values (116,'REY DE PAZ MIXCO SAN JACINTO',526,'QUINIENTOS VEINTISEIS QUETZALES CON 00/100','OFRENDA DE LA FIESTA NOVIEMBRE 2018',4,2,'A','MFERNANDEZ',to_date('03/11/2018 09:00:32','DD/MM/RRRR HH24:MI:SS'),null,null);
Insert into MET01.MET01_RECIBO (RECIBO,NOMBRE,TOTAL,TOTAL_LETRAS,CONCEPTO,EVENTO,IGLESIA,ESTADO_REGISTRO,USUARIO_CREACION,FECHA_CREACION,USUARIO_MODIFICACION,FECHA_MODIFICACION) values (117,'IGLESIA DE CRISTO LA PROMESA ZONA 14',1000,'MIL QUETZALES CON 00/100','OFRENDA DE LA FIESTA NOVIEMBRE 2018',4,28,'A','MFERNANDEZ',to_date('03/11/2018 09:03:11','DD/MM/RRRR HH24:MI:SS'),null,null);
Insert into MET01.MET01_RECIBO (RECIBO,NOMBRE,TOTAL,TOTAL_LETRAS,CONCEPTO,EVENTO,IGLESIA,ESTADO_REGISTRO,USUARIO_CREACION,FECHA_CREACION,USUARIO_MODIFICACION,FECHA_MODIFICACION) values (118,'FUENTE DE GRACIA ZONA 9',1500,'MIL QUINIENTOS QUETZALES CON 00/100','OFRENDA DE LA FIESTA NOVIEMBRE 2018',4,17,'A','MFERNANDEZ',to_date('03/11/2018 09:05:11','DD/MM/RRRR HH24:MI:SS'),null,null);
Insert into MET01.MET01_RECIBO (RECIBO,NOMBRE,TOTAL,TOTAL_LETRAS,CONCEPTO,EVENTO,IGLESIA,ESTADO_REGISTRO,USUARIO_CREACION,FECHA_CREACION,USUARIO_MODIFICACION,FECHA_MODIFICACION) values (119,'JESUS REY DE REYES MIXCO',1000,'MIL QUETZALES CON 00/100','OFRENDA DE LA FIESTA NOVIEMBRE 2018',4,49,'A','MFERNANDEZ',to_date('03/11/2018 09:06:36','DD/MM/RRRR HH24:MI:SS'),null,null);
Insert into MET01.MET01_RECIBO (RECIBO,NOMBRE,TOTAL,TOTAL_LETRAS,CONCEPTO,EVENTO,IGLESIA,ESTADO_REGISTRO,USUARIO_CREACION,FECHA_CREACION,USUARIO_MODIFICACION,FECHA_MODIFICACION) values (122,'LA VID VERDADERA SANTO TOMAS MILPAS ALTAS',305,'TRES CIENTOS  CINCO QUETZALES CON 00/100','OFRENDA DE LA FIESTA NOVIEMBRE 2018',4,70,'A','MFERNANDEZ',to_date('03/11/2018 09:22:45','DD/MM/RRRR HH24:MI:SS'),null,null);
Insert into MET01.MET01_RECIBO (RECIBO,NOMBRE,TOTAL,TOTAL_LETRAS,CONCEPTO,EVENTO,IGLESIA,ESTADO_REGISTRO,USUARIO_CREACION,FECHA_CREACION,USUARIO_MODIFICACION,FECHA_MODIFICACION) values (126,'COLINAS FUENTES DE AGUA VIVA',1000,'MIL QUETZALES CON 00/100','OFRENDA DE LA FIESTA NOVIEMBRE 2018',4,10,'A','MFERNANDEZ',to_date('03/11/2018 09:29:22','DD/MM/RRRR HH24:MI:SS'),null,null);
Insert into MET01.MET01_RECIBO (RECIBO,NOMBRE,TOTAL,TOTAL_LETRAS,CONCEPTO,EVENTO,IGLESIA,ESTADO_REGISTRO,USUARIO_CREACION,FECHA_CREACION,USUARIO_MODIFICACION,FECHA_MODIFICACION) values (127,'JAVNEL LO DE FUENTES MIXCO',200,'DOS CIENTOS  QUETZALES CON 00/100','OFRENDA DE LA FIESTA NOVIEMBRE 2018',4,71,'A','MFERNANDEZ',to_date('03/11/2018 09:31:53','DD/MM/RRRR HH24:MI:SS'),null,null);
Insert into MET01.MET01_RECIBO (RECIBO,NOMBRE,TOTAL,TOTAL_LETRAS,CONCEPTO,EVENTO,IGLESIA,ESTADO_REGISTRO,USUARIO_CREACION,FECHA_CREACION,USUARIO_MODIFICACION,FECHA_MODIFICACION) values (128,'FUENTE DE AGUA VIVA ZONA 17',1000,'MIL QUETZALES CON 00/100','OFRENDA DE LA FIESTA NOVIEMBRE 2018',4,19,'A','MFERNANDEZ',to_date('03/11/2018 09:34:00','DD/MM/RRRR HH24:MI:SS'),null,null);
Insert into MET01.MET01_RECIBO (RECIBO,NOMBRE,TOTAL,TOTAL_LETRAS,CONCEPTO,EVENTO,IGLESIA,ESTADO_REGISTRO,USUARIO_CREACION,FECHA_CREACION,USUARIO_MODIFICACION,FECHA_MODIFICACION) values (130,'CRISTO FIEL Y VERDADERO LO DE FUENTES',500,'QUINIENTOS QUETZALES CON 00/100','OFRENDA DE LA FIESTA NOVIEMBRE 2018',4,8,'A','MFERNANDEZ',to_date('03/11/2018 09:42:09','DD/MM/RRRR HH24:MI:SS'),null,null);
Insert into MET01.MET01_RECIBO (RECIBO,NOMBRE,TOTAL,TOTAL_LETRAS,CONCEPTO,EVENTO,IGLESIA,ESTADO_REGISTRO,USUARIO_CREACION,FECHA_CREACION,USUARIO_MODIFICACION,FECHA_MODIFICACION) values (151,'TIEMPOS DE REFRIGERIO CATALINA VILLA NUEVA',0,'CERO QUETZALES CON 00/100','OFRENDA DE LA FIESTA MARZO 2019',5,21,'A','MFERNANDEZ',to_date('02/03/2019 09:13:38','DD/MM/RRRR HH24:MI:SS'),null,null);
Insert into MET01.MET01_RECIBO (RECIBO,NOMBRE,TOTAL,TOTAL_LETRAS,CONCEPTO,EVENTO,IGLESIA,ESTADO_REGISTRO,USUARIO_CREACION,FECHA_CREACION,USUARIO_MODIFICACION,FECHA_MODIFICACION) values (152,'RIOS DE AGUA VIVA - ZONA 1',660,'SEIS CIENTOS  SESENTA QUETZALES CON 00/100','OFRENDA DE LA FIESTA MARZO 2019',5,15,'A','MFERNANDEZ',to_date('02/03/2019 09:24:49','DD/MM/RRRR HH24:MI:SS'),null,null);
Insert into MET01.MET01_RECIBO (RECIBO,NOMBRE,TOTAL,TOTAL_LETRAS,CONCEPTO,EVENTO,IGLESIA,ESTADO_REGISTRO,USUARIO_CREACION,FECHA_CREACION,USUARIO_MODIFICACION,FECHA_MODIFICACION) values (153,'FRESCA UNCION CHUARRANCHO',200,'DOS CIENTOS  QUETZALES CON 00/100','OFRENDA DE LA FIESTA MARZO 2019',5,50,'A','MFERNANDEZ',to_date('02/03/2019 09:26:13','DD/MM/RRRR HH24:MI:SS'),null,null);
Insert into MET01.MET01_RECIBO (RECIBO,NOMBRE,TOTAL,TOTAL_LETRAS,CONCEPTO,EVENTO,IGLESIA,ESTADO_REGISTRO,USUARIO_CREACION,FECHA_CREACION,USUARIO_MODIFICACION,FECHA_MODIFICACION) values (154,'FUENTE DE GRACIA ZONA 9',1500,'MIL QUINIENTOS QUETZALES CON 00/100','OFRENDA DE LA FIESTA MARZO 2019',5,17,'A','MFERNANDEZ',to_date('02/03/2019 09:28:08','DD/MM/RRRR HH24:MI:SS'),null,null);
Insert into MET01.MET01_RECIBO (RECIBO,NOMBRE,TOTAL,TOTAL_LETRAS,CONCEPTO,EVENTO,IGLESIA,ESTADO_REGISTRO,USUARIO_CREACION,FECHA_CREACION,USUARIO_MODIFICACION,FECHA_MODIFICACION) values (155,'CANTICO NUEVO VILLA CANALES',400,'CUATRO CIENTOS  QUETZALES CON 00/100','OFRENDA DE LA FIESTA MARZO 2019',5,31,'A','MFERNANDEZ',to_date('02/03/2019 09:29:19','DD/MM/RRRR HH24:MI:SS'),null,null);
Insert into MET01.MET01_RECIBO (RECIBO,NOMBRE,TOTAL,TOTAL_LETRAS,CONCEPTO,EVENTO,IGLESIA,ESTADO_REGISTRO,USUARIO_CREACION,FECHA_CREACION,USUARIO_MODIFICACION,FECHA_MODIFICACION) values (161,'SANTO CORDERO CIUDAD SATELITE',300,'TRES CIENTOS  QUETZALES CON 00/100','OFRENDA DE LA FIESTA MARZO 2019',5,76,'A','MFERNANDEZ',to_date('02/03/2019 09:44:45','DD/MM/RRRR HH24:MI:SS'),null,null);
Insert into MET01.MET01_RECIBO (RECIBO,NOMBRE,TOTAL,TOTAL_LETRAS,CONCEPTO,EVENTO,IGLESIA,ESTADO_REGISTRO,USUARIO_CREACION,FECHA_CREACION,USUARIO_MODIFICACION,FECHA_MODIFICACION) values (163,'JEHOVA JIREH CHUARRANCHO CANTON CENTRAL',400,'CUATRO CIENTOS  QUETZALES CON 00/100','OFRENDA DE LA FIESTA MARZO 2019',5,61,'A','MFERNANDEZ',to_date('02/03/2019 09:50:41','DD/MM/RRRR HH24:MI:SS'),null,null);
Insert into MET01.MET01_RECIBO (RECIBO,NOMBRE,TOTAL,TOTAL_LETRAS,CONCEPTO,EVENTO,IGLESIA,ESTADO_REGISTRO,USUARIO_CREACION,FECHA_CREACION,USUARIO_MODIFICACION,FECHA_MODIFICACION) values (164,'SUMPANGO - SACATEPEQUEZ',1000,'MIL QUETZALES CON 00/100','OFRENDA DE LA FIESTA MARZO 2019',5,39,'A','MFERNANDEZ',to_date('02/03/2019 09:52:53','DD/MM/RRRR HH24:MI:SS'),null,null);
Insert into MET01.MET01_RECIBO (RECIBO,NOMBRE,TOTAL,TOTAL_LETRAS,CONCEPTO,EVENTO,IGLESIA,ESTADO_REGISTRO,USUARIO_CREACION,FECHA_CREACION,USUARIO_MODIFICACION,FECHA_MODIFICACION) values (170,'SOL DE JUSTICIA CAMPANERO ZONA 8 DE MIXCO',850,'OCHO CIENTOS  CINCUENTA QUETZALES CON 00/100','OFRENDA DE LA FIESTA MARZO 2019',5,5,'A','MFERNANDEZ',to_date('02/03/2019 10:09:00','DD/MM/RRRR HH24:MI:SS'),null,null);
Insert into MET01.MET01_RECIBO (RECIBO,NOMBRE,TOTAL,TOTAL_LETRAS,CONCEPTO,EVENTO,IGLESIA,ESTADO_REGISTRO,USUARIO_CREACION,FECHA_CREACION,USUARIO_MODIFICACION,FECHA_MODIFICACION) values (171,'PACTO DE GRACIA SAN RAYMUNDO',695,'SEIS CIENTOS  NOVENTA Y CINCO QUETZALES CON 00/100','OFRENDA DE LA FIESTA MARZO 2019',5,43,'A','MFERNANDEZ',to_date('02/03/2019 10:12:21','DD/MM/RRRR HH24:MI:SS'),null,null);
Insert into MET01.MET01_RECIBO (RECIBO,NOMBRE,TOTAL,TOTAL_LETRAS,CONCEPTO,EVENTO,IGLESIA,ESTADO_REGISTRO,USUARIO_CREACION,FECHA_CREACION,USUARIO_MODIFICACION,FECHA_MODIFICACION) values (172,'REY DE GRACIA - CIUDAD QUETZAL',400,'CUATRO CIENTOS  QUETZALES CON 00/100','OFRENDA DE LA FIESTA MARZO 2019',5,40,'A','MFERNANDEZ',to_date('02/03/2019 10:14:44','DD/MM/RRRR HH24:MI:SS'),null,null);
Insert into MET01.MET01_RECIBO (RECIBO,NOMBRE,TOTAL,TOTAL_LETRAS,CONCEPTO,EVENTO,IGLESIA,ESTADO_REGISTRO,USUARIO_CREACION,FECHA_CREACION,USUARIO_MODIFICACION,FECHA_MODIFICACION) values (173,'CRISTO SIEMPRE VICTORIOSO SAN FRANCISCO LAS LOMAS SAN JUAN SACATEPEQUEZ',500,'QUINIENTOS QUETZALES CON 00/100','OFRENDA DE LA FIESTA MARZO 2019',5,42,'A','MFERNANDEZ',to_date('02/03/2019 10:17:54','DD/MM/RRRR HH24:MI:SS'),null,null);
Insert into MET01.MET01_RECIBO (RECIBO,NOMBRE,TOTAL,TOTAL_LETRAS,CONCEPTO,EVENTO,IGLESIA,ESTADO_REGISTRO,USUARIO_CREACION,FECHA_CREACION,USUARIO_MODIFICACION,FECHA_MODIFICACION) values (174,'CRISTO FIEL Y VERDADERO LO DE FUENTES',500,'QUINIENTOS QUETZALES CON 00/100','OFRENDA DE LA FIESTA MARZO 2019',5,8,'A','MFERNANDEZ',to_date('02/03/2019 10:19:56','DD/MM/RRRR HH24:MI:SS'),null,null);
Insert into MET01.MET01_RECIBO (RECIBO,NOMBRE,TOTAL,TOTAL_LETRAS,CONCEPTO,EVENTO,IGLESIA,ESTADO_REGISTRO,USUARIO_CREACION,FECHA_CREACION,USUARIO_MODIFICACION,FECHA_MODIFICACION) values (179,'IGLESIA PALABRA MIEL COLINAS',1000,'MIL QUETZALES CON 00/100','OFRENDA DE LA FIESTA MARZO 2019',5,10,'A','MFERNANDEZ',to_date('02/03/2019 10:37:26','DD/MM/RRRR HH24:MI:SS'),null,null);
Insert into MET01.MET01_RECIBO (RECIBO,NOMBRE,TOTAL,TOTAL_LETRAS,CONCEPTO,EVENTO,IGLESIA,ESTADO_REGISTRO,USUARIO_CREACION,FECHA_CREACION,USUARIO_MODIFICACION,FECHA_MODIFICACION) values (182,'CASA DE ADORACION SAN LUCAS SACATEPEQUEZ',360,'TRES CIENTOS  SESENTA QUETZALES CON 00/100','OFRENDA DE LA FIESTA MARZO 2019',5,38,'A','MFERNANDEZ',to_date('02/03/2019 10:59:41','DD/MM/RRRR HH24:MI:SS'),null,null);
Insert into MET01.MET01_RECIBO (RECIBO,NOMBRE,TOTAL,TOTAL_LETRAS,CONCEPTO,EVENTO,IGLESIA,ESTADO_REGISTRO,USUARIO_CREACION,FECHA_CREACION,USUARIO_MODIFICACION,FECHA_MODIFICACION) values (183,'LA VID VERDADERA SANTO TOMAS MILPAS ALTAS',336.45,'TRES CIENTOS  TREINTA Y SEIS QUETZALES CON 45/100','OFRENDA DE LA FIESTA MARZO 2019',5,70,'A','MFERNANDEZ',to_date('02/03/2019 11:12:12','DD/MM/RRRR HH24:MI:SS'),null,null);
Insert into MET01.MET01_RECIBO (RECIBO,NOMBRE,TOTAL,TOTAL_LETRAS,CONCEPTO,EVENTO,IGLESIA,ESTADO_REGISTRO,USUARIO_CREACION,FECHA_CREACION,USUARIO_MODIFICACION,FECHA_MODIFICACION) values (184,'GETSEMANI - SAN MATEO MILPAS ALTAS LA ANTIGUA',710,'SETECIENTOS DIEZ QUETZALES CON 00/100','OFRENDA DE LA FIESTA MARZO 2019',5,36,'A','MFERNANDEZ',to_date('02/03/2019 11:14:20','DD/MM/RRRR HH24:MI:SS'),null,null);
Insert into MET01.MET01_RECIBO (RECIBO,NOMBRE,TOTAL,TOTAL_LETRAS,CONCEPTO,EVENTO,IGLESIA,ESTADO_REGISTRO,USUARIO_CREACION,FECHA_CREACION,USUARIO_MODIFICACION,FECHA_MODIFICACION) values (185,'ESTANCIA GRANDE - SAN JUAN SACATEPEQUEZ',600,'SEIS CIENTOS  QUETZALES CON 00/100','OFRENDA DE LA FIESTA MARZO 2019',5,51,'A','MFERNANDEZ',to_date('02/03/2019 11:23:32','DD/MM/RRRR HH24:MI:SS'),null,null);
Insert into MET01.MET01_RECIBO (RECIBO,NOMBRE,TOTAL,TOTAL_LETRAS,CONCEPTO,EVENTO,IGLESIA,ESTADO_REGISTRO,USUARIO_CREACION,FECHA_CREACION,USUARIO_MODIFICACION,FECHA_MODIFICACION) values (186,'JESUS REY DE REYES MIXCO',1000,'MIL QUETZALES CON 00/100','OFRENDA DE LA FIESTA MARZO 2019',5,49,'A','MFERNANDEZ',to_date('02/03/2019 11:24:54','DD/MM/RRRR HH24:MI:SS'),null,null);
Insert into MET01.MET01_RECIBO (RECIBO,NOMBRE,TOTAL,TOTAL_LETRAS,CONCEPTO,EVENTO,IGLESIA,ESTADO_REGISTRO,USUARIO_CREACION,FECHA_CREACION,USUARIO_MODIFICACION,FECHA_MODIFICACION) values (193,'JEHOVA ES MI GUERRERO SAN MIGUEL PETAPA',500,'QUINIENTOS QUETZALES CON 00/100','OFRENDA DE LA FIESTA MARZO 2019',5,79,'A','MFERNANDEZ',to_date('02/03/2019 13:51:11','DD/MM/RRRR HH24:MI:SS'),null,null);
Insert into MET01.MET01_RECIBO (RECIBO,NOMBRE,TOTAL,TOTAL_LETRAS,CONCEPTO,EVENTO,IGLESIA,ESTADO_REGISTRO,USUARIO_CREACION,FECHA_CREACION,USUARIO_MODIFICACION,FECHA_MODIFICACION) values (195,'LUZ DEL MUNDO BOCA DEL MONTE VILLA CANALES',500,'QUINIENTOS QUETZALES CON 00/100','OFRENDA DE LA FIESTA MARZO 2019',5,72,'A','MFERNANDEZ',to_date('02/03/2019 14:16:01','DD/MM/RRRR HH24:MI:SS'),null,null);
Insert into MET01.MET01_RECIBO (RECIBO,NOMBRE,TOTAL,TOTAL_LETRAS,CONCEPTO,EVENTO,IGLESIA,ESTADO_REGISTRO,USUARIO_CREACION,FECHA_CREACION,USUARIO_MODIFICACION,FECHA_MODIFICACION) values (209,'GERIZIM TIERRA NUEVA 1',295,'DOS CIENTOS  NOVENTA Y CINCO QUETZALES CON 00/100','OFRENDA DE LA FIESTA MARZO 2019',5,66,'A','MFERNANDEZ',to_date('02/03/2019 16:32:02','DD/MM/RRRR HH24:MI:SS'),null,null);
Insert into MET01.MET01_RECIBO (RECIBO,NOMBRE,TOTAL,TOTAL_LETRAS,CONCEPTO,EVENTO,IGLESIA,ESTADO_REGISTRO,USUARIO_CREACION,FECHA_CREACION,USUARIO_MODIFICACION,FECHA_MODIFICACION) values (223,'REY DE GRACIA - CIUDAD QUETZAL',415,'CUATRO CIENTOS  QUINCE QUETZALES CON 00/100','OFRENDA DE LA FIESTA MAYO 2019',6,40,'A','MFERNANDEZ',to_date('11/05/2019 10:28:36','DD/MM/RRRR HH24:MI:SS'),null,null);
Insert into MET01.MET01_RECIBO (RECIBO,NOMBRE,TOTAL,TOTAL_LETRAS,CONCEPTO,EVENTO,IGLESIA,ESTADO_REGISTRO,USUARIO_CREACION,FECHA_CREACION,USUARIO_MODIFICACION,FECHA_MODIFICACION) values (224,'CRISTO FIEL Y VERDADERO LO DE FUENTES',550,'QUINIENTOS CINCUENTA QUETZALES CON 00/100','OFRENDA DE LA FIESTA MAYO 2019',6,8,'A','MFERNANDEZ',to_date('11/05/2019 10:29:53','DD/MM/RRRR HH24:MI:SS'),null,null);
Insert into MET01.MET01_RECIBO (RECIBO,NOMBRE,TOTAL,TOTAL_LETRAS,CONCEPTO,EVENTO,IGLESIA,ESTADO_REGISTRO,USUARIO_CREACION,FECHA_CREACION,USUARIO_MODIFICACION,FECHA_MODIFICACION) values (225,'JEHOVA JIREH CHUARRANCHO CANTON CENTRAL',300,'TRES CIENTOS  QUETZALES CON 00/100','OFRENDA DE LA FIESTA MAYO 2019',6,61,'A','MFERNANDEZ',to_date('11/05/2019 10:31:21','DD/MM/RRRR HH24:MI:SS'),null,null);
Insert into MET01.MET01_RECIBO (RECIBO,NOMBRE,TOTAL,TOTAL_LETRAS,CONCEPTO,EVENTO,IGLESIA,ESTADO_REGISTRO,USUARIO_CREACION,FECHA_CREACION,USUARIO_MODIFICACION,FECHA_MODIFICACION) values (241,'PACTO DE GRACIA SAN RAYMUNDO',600,'SEIS CIENTOS  QUETZALES CON 00/100','OFRENDA DE LA FIESTA MAYO 2019',6,43,'A','MFERNANDEZ',to_date('11/05/2019 10:56:23','DD/MM/RRRR HH24:MI:SS'),null,null);
Insert into MET01.MET01_RECIBO (RECIBO,NOMBRE,TOTAL,TOTAL_LETRAS,CONCEPTO,EVENTO,IGLESIA,ESTADO_REGISTRO,USUARIO_CREACION,FECHA_CREACION,USUARIO_MODIFICACION,FECHA_MODIFICACION) values (242,'REY DE PAZ MIXCO SAN JACINTO',500,'QUINIENTOS QUETZALES CON 00/100','OFRENDA DE LA FIESTA MAYO 2019',6,2,'A','MFERNANDEZ',to_date('11/05/2019 10:57:36','DD/MM/RRRR HH24:MI:SS'),null,null);
Insert into MET01.MET01_RECIBO (RECIBO,NOMBRE,TOTAL,TOTAL_LETRAS,CONCEPTO,EVENTO,IGLESIA,ESTADO_REGISTRO,USUARIO_CREACION,FECHA_CREACION,USUARIO_MODIFICACION,FECHA_MODIFICACION) values (243,'MEZQUITAL - ZONA 12',300,'TRES CIENTOS  QUETZALES CON 00/100','OFRENDA DE LA FIESTA MAYO 2019',6,25,'A','MFERNANDEZ',to_date('11/05/2019 10:59:01','DD/MM/RRRR HH24:MI:SS'),null,null);
Insert into MET01.MET01_RECIBO (RECIBO,NOMBRE,TOTAL,TOTAL_LETRAS,CONCEPTO,EVENTO,IGLESIA,ESTADO_REGISTRO,USUARIO_CREACION,FECHA_CREACION,USUARIO_MODIFICACION,FECHA_MODIFICACION) values (251,'MAHANAIM EL CHOL BAJA VERAPAZ',285,'DOS CIENTOS  OCHENTA Y CINCO QUETZALES CON 00/100','OFRENDA DE LA FIESTA MAYO 2019',6,73,'A','MFERNANDEZ',to_date('11/05/2019 11:14:53','DD/MM/RRRR HH24:MI:SS'),null,null);
Insert into MET01.MET01_RECIBO (RECIBO,NOMBRE,TOTAL,TOTAL_LETRAS,CONCEPTO,EVENTO,IGLESIA,ESTADO_REGISTRO,USUARIO_CREACION,FECHA_CREACION,USUARIO_MODIFICACION,FECHA_MODIFICACION) values (252,'IGLESIA JIREH AZACUALPILLA PALENCIA',600,'SEIS CIENTOS  QUETZALES CON 00/100','OFRENDA DE LA FIESTA MAYO 2019',6,55,'A','MFERNANDEZ',to_date('11/05/2019 11:16:41','DD/MM/RRRR HH24:MI:SS'),null,null);
Insert into MET01.MET01_RECIBO (RECIBO,NOMBRE,TOTAL,TOTAL_LETRAS,CONCEPTO,EVENTO,IGLESIA,ESTADO_REGISTRO,USUARIO_CREACION,FECHA_CREACION,USUARIO_MODIFICACION,FECHA_MODIFICACION) values (253,'MONTE SANTO - FRAIJANES',190,'CIENTO NOVENTA QUETZALES CON 00/100','OFRENDA DE LA FIESTA MAYO 2019',6,45,'A','MFERNANDEZ',to_date('11/05/2019 11:18:53','DD/MM/RRRR HH24:MI:SS'),null,null);
Insert into MET01.MET01_RECIBO (RECIBO,NOMBRE,TOTAL,TOTAL_LETRAS,CONCEPTO,EVENTO,IGLESIA,ESTADO_REGISTRO,USUARIO_CREACION,FECHA_CREACION,USUARIO_MODIFICACION,FECHA_MODIFICACION) values (254,'JEHOVA ES MI GUERRERO SAN MIGUEL PETAPA',500,'QUINIENTOS QUETZALES CON 00/100','OFRENDA DE LA FIESTA MAYO 2019',6,79,'A','MFERNANDEZ',to_date('11/05/2019 11:20:34','DD/MM/RRRR HH24:MI:SS'),null,null);
Insert into MET01.MET01_RECIBO (RECIBO,NOMBRE,TOTAL,TOTAL_LETRAS,CONCEPTO,EVENTO,IGLESIA,ESTADO_REGISTRO,USUARIO_CREACION,FECHA_CREACION,USUARIO_MODIFICACION,FECHA_MODIFICACION) values (255,'REMANENTE ZONA 6',800,'OCHO CIENTOS  QUETZALES CON 00/100','OFRENDA DE LA FIESTA MAYO 2019',6,16,'A','MFERNANDEZ',to_date('11/05/2019 11:22:01','DD/MM/RRRR HH24:MI:SS'),null,null);
Insert into MET01.MET01_RECIBO (RECIBO,NOMBRE,TOTAL,TOTAL_LETRAS,CONCEPTO,EVENTO,IGLESIA,ESTADO_REGISTRO,USUARIO_CREACION,FECHA_CREACION,USUARIO_MODIFICACION,FECHA_MODIFICACION) values (256,'DIOS ES MI PAZ FRAIJANES',200,'DOS CIENTOS  QUETZALES CON 00/100','OFRENDA DE LA FIESTA MAYO 2019',6,69,'A','MFERNANDEZ',to_date('11/05/2019 11:23:27','DD/MM/RRRR HH24:MI:SS'),null,null);
Insert into MET01.MET01_RECIBO (RECIBO,NOMBRE,TOTAL,TOTAL_LETRAS,CONCEPTO,EVENTO,IGLESIA,ESTADO_REGISTRO,USUARIO_CREACION,FECHA_CREACION,USUARIO_MODIFICACION,FECHA_MODIFICACION) values (257,'MAHANAIM LA FLORIDA ZONA 19',240,'DOS CIENTOS  CUARENTA QUETZALES CON 00/100','OFRENDA DE LA FIESTA MAYO 2019',6,74,'A','MFERNANDEZ',to_date('11/05/2019 11:24:34','DD/MM/RRRR HH24:MI:SS'),null,null);
Insert into MET01.MET01_RECIBO (RECIBO,NOMBRE,TOTAL,TOTAL_LETRAS,CONCEPTO,EVENTO,IGLESIA,ESTADO_REGISTRO,USUARIO_CREACION,FECHA_CREACION,USUARIO_MODIFICACION,FECHA_MODIFICACION) values (258,'PALABRA MIEL ZONA 8',175,'CIENTO SETENTA Y CINCO QUETZALES CON 00/100','OFRENDA DE LA FIESTA MAYO 2019',6,75,'A','MFERNANDEZ',to_date('11/05/2019 11:25:42','DD/MM/RRRR HH24:MI:SS'),null,null);
Insert into MET01.MET01_RECIBO (RECIBO,NOMBRE,TOTAL,TOTAL_LETRAS,CONCEPTO,EVENTO,IGLESIA,ESTADO_REGISTRO,USUARIO_CREACION,FECHA_CREACION,USUARIO_MODIFICACION,FECHA_MODIFICACION) values (259,'CANTICO NUEVO VILLA CANALES',300,'TRES CIENTOS  QUETZALES CON 00/100','OFRENDA DE LA FIESTA MAYO 2019',6,31,'A','MFERNANDEZ',to_date('11/05/2019 11:26:53','DD/MM/RRRR HH24:MI:SS'),null,null);
Insert into MET01.MET01_RECIBO (RECIBO,NOMBRE,TOTAL,TOTAL_LETRAS,CONCEPTO,EVENTO,IGLESIA,ESTADO_REGISTRO,USUARIO_CREACION,FECHA_CREACION,USUARIO_MODIFICACION,FECHA_MODIFICACION) values (260,'JEHOVA ES MI PASTOR BOCA DEL MONTE',1000,'MIL QUETZALES CON 00/100','OFRENDA DE LA FIESTA MAYO 2019',6,63,'A','MFERNANDEZ',to_date('11/05/2019 11:27:58','DD/MM/RRRR HH24:MI:SS'),null,null);
Insert into MET01.MET01_RECIBO (RECIBO,NOMBRE,TOTAL,TOTAL_LETRAS,CONCEPTO,EVENTO,IGLESIA,ESTADO_REGISTRO,USUARIO_CREACION,FECHA_CREACION,USUARIO_MODIFICACION,FECHA_MODIFICACION) values (4,'RIOS DE AGUA VIVA - ZONA 1',1030,'MIL TREINTA  QUETZALES CON 00/100','OFRENDA DE LA FIESTA ABRIL 2018',1,15,'A','ERYOL',to_date('28/04/2018 08:44:53','DD/MM/RRRR HH24:MI:SS'),null,null);
Insert into MET01.MET01_RECIBO (RECIBO,NOMBRE,TOTAL,TOTAL_LETRAS,CONCEPTO,EVENTO,IGLESIA,ESTADO_REGISTRO,USUARIO_CREACION,FECHA_CREACION,USUARIO_MODIFICACION,FECHA_MODIFICACION) values (5,'IGLESIA EL PAJON - KM 18 SANTA CATARINA PINULA',1225,'MIL DOS CIENTOS  VEINTICINCO  QUETZALES CON 00/100','OFRENDA DE LA FIESTA ABRIL 2018',1,32,'A','ERYOL',to_date('28/04/2018 08:48:11','DD/MM/RRRR HH24:MI:SS'),null,null);
Insert into MET01.MET01_RECIBO (RECIBO,NOMBRE,TOTAL,TOTAL_LETRAS,CONCEPTO,EVENTO,IGLESIA,ESTADO_REGISTRO,USUARIO_CREACION,FECHA_CREACION,USUARIO_MODIFICACION,FECHA_MODIFICACION) values (6,'IGLESIA EL REMANENTE ZONA 6',1000,'MIL  QUETZALES CON 00/100','OFRENDA DE LA FIESTA ABRIL 2018',1,16,'A','ERYOL',to_date('28/04/2018 08:49:49','DD/MM/RRRR HH24:MI:SS'),null,null);
Insert into MET01.MET01_RECIBO (RECIBO,NOMBRE,TOTAL,TOTAL_LETRAS,CONCEPTO,EVENTO,IGLESIA,ESTADO_REGISTRO,USUARIO_CREACION,FECHA_CREACION,USUARIO_MODIFICACION,FECHA_MODIFICACION) values (7,'IGLESIA FRESCA UNCION CHUARRANCHO',100,'CIEN  QUETZALES CON 00/100','OFRENDA DE LA FIESTA ABRIL 2018',1,50,'A','ERYOL',to_date('28/04/2018 09:05:35','DD/MM/RRRR HH24:MI:SS'),null,null);
Insert into MET01.MET01_RECIBO (RECIBO,NOMBRE,TOTAL,TOTAL_LETRAS,CONCEPTO,EVENTO,IGLESIA,ESTADO_REGISTRO,USUARIO_CREACION,FECHA_CREACION,USUARIO_MODIFICACION,FECHA_MODIFICACION) values (8,'IGLESIA FUENTE DE GRACIA ZONA 9',1500,'MIL QUINIENTOS  QUETZALES CON 00/100','OFRENDA DE LA FIESTA ABRIL 2018',1,17,'A','ERYOL',to_date('28/04/2018 09:07:39','DD/MM/RRRR HH24:MI:SS'),null,null);
Insert into MET01.MET01_RECIBO (RECIBO,NOMBRE,TOTAL,TOTAL_LETRAS,CONCEPTO,EVENTO,IGLESIA,ESTADO_REGISTRO,USUARIO_CREACION,FECHA_CREACION,USUARIO_MODIFICACION,FECHA_MODIFICACION) values (9,'IGLESIA SEÑOR Y REY PERONIA',1000,'MIL  QUETZALES CON 00/100','OFRENDA DE LA FIESTA ABRIL 2018',1,11,'A','ERYOL',to_date('28/04/2018 09:13:55','DD/MM/RRRR HH24:MI:SS'),null,null);
Insert into MET01.MET01_RECIBO (RECIBO,NOMBRE,TOTAL,TOTAL_LETRAS,CONCEPTO,EVENTO,IGLESIA,ESTADO_REGISTRO,USUARIO_CREACION,FECHA_CREACION,USUARIO_MODIFICACION,FECHA_MODIFICACION) values (10,'IGLESIA DE CRISTO LA PROMESA ZONA 14',465,'CUATRO CIENTOS  SESENTA Y CINCO  QUETZALES CON 00/100','OFRENDA DE LA FIESTA ABRIL 2018',1,28,'A','ERYOL',to_date('28/04/2018 09:17:22','DD/MM/RRRR HH24:MI:SS'),null,null);
Insert into MET01.MET01_RECIBO (RECIBO,NOMBRE,TOTAL,TOTAL_LETRAS,CONCEPTO,EVENTO,IGLESIA,ESTADO_REGISTRO,USUARIO_CREACION,FECHA_CREACION,USUARIO_MODIFICACION,FECHA_MODIFICACION) values (11,'IGLESIA LAS ROSAS - ZONA 6 DE MIXCO',1000,'MIL  QUETZALES CON 00/100','OFRENDA DE LA FIESTA ABRIL 2018',1,13,'A','ERYOL',to_date('28/04/2018 09:25:50','DD/MM/RRRR HH24:MI:SS'),null,null);
Insert into MET01.MET01_RECIBO (RECIBO,NOMBRE,TOTAL,TOTAL_LETRAS,CONCEPTO,EVENTO,IGLESIA,ESTADO_REGISTRO,USUARIO_CREACION,FECHA_CREACION,USUARIO_MODIFICACION,FECHA_MODIFICACION) values (12,'IGLESIA SUMPANGO - SACATEPEQUEZ',1000,'MIL  QUETZALES CON 00/100','OFRENDA DE LA FIESTA ABRIL 2018',1,39,'A','ERYOL',to_date('28/04/2018 09:28:11','DD/MM/RRRR HH24:MI:SS'),null,null);
Insert into MET01.MET01_RECIBO (RECIBO,NOMBRE,TOTAL,TOTAL_LETRAS,CONCEPTO,EVENTO,IGLESIA,ESTADO_REGISTRO,USUARIO_CREACION,FECHA_CREACION,USUARIO_MODIFICACION,FECHA_MODIFICACION) values (13,'IGLESIA ODRES NUEVOS - AMATITLAN',1000,'MIL  QUETZALES CON 00/100','OFRENDA DE LA FIESTA ABRIL 2018',1,20,'A','ERYOL',to_date('28/04/2018 09:29:53','DD/MM/RRRR HH24:MI:SS'),null,null);
Insert into MET01.MET01_RECIBO (RECIBO,NOMBRE,TOTAL,TOTAL_LETRAS,CONCEPTO,EVENTO,IGLESIA,ESTADO_REGISTRO,USUARIO_CREACION,FECHA_CREACION,USUARIO_MODIFICACION,FECHA_MODIFICACION) values (14,'IGLESIA PRIMERO DE JULIO EL VERBO DE DIOS ZONA 5 MIXCO',1000,'MIL  QUETZALES CON 00/100','OFRENDA DE LA FIESTA ABRIL 2018',1,7,'A','ERYOL',to_date('28/04/2018 09:32:45','DD/MM/RRRR HH24:MI:SS'),null,null);
Insert into MET01.MET01_RECIBO (RECIBO,NOMBRE,TOTAL,TOTAL_LETRAS,CONCEPTO,EVENTO,IGLESIA,ESTADO_REGISTRO,USUARIO_CREACION,FECHA_CREACION,USUARIO_MODIFICACION,FECHA_MODIFICACION) values (15,'IGLESIA MONTE SANTO - FRAIJANES',1000,'MIL  QUETZALES CON 00/100','OFRENDA DE LA FIESTA ABRIL 2018',1,45,'A','ERYOL',to_date('28/04/2018 09:36:49','DD/MM/RRRR HH24:MI:SS'),null,null);
Insert into MET01.MET01_RECIBO (RECIBO,NOMBRE,TOTAL,TOTAL_LETRAS,CONCEPTO,EVENTO,IGLESIA,ESTADO_REGISTRO,USUARIO_CREACION,FECHA_CREACION,USUARIO_MODIFICACION,FECHA_MODIFICACION) values (16,'IGLESIA REY DE PAZ MIXCO SAN JACINTO',1000,'MIL  QUETZALES CON 00/100','OFRENDA DE LA FIESTA ABRIL 2018',1,2,'A','ERYOL',to_date('28/04/2018 09:42:00','DD/MM/RRRR HH24:MI:SS'),null,null);
Insert into MET01.MET01_RECIBO (RECIBO,NOMBRE,TOTAL,TOTAL_LETRAS,CONCEPTO,EVENTO,IGLESIA,ESTADO_REGISTRO,USUARIO_CREACION,FECHA_CREACION,USUARIO_MODIFICACION,FECHA_MODIFICACION) values (17,'IGLESIA ESTANCIA GRANDE - SAN JUAN SACATEPEQUEZ',800,'OCHO CIENTOS   QUETZALES CON 00/100','OFRENDA DE LA FIESTA ABRIL 2018',1,51,'A','ERYOL',to_date('28/04/2018 09:44:14','DD/MM/RRRR HH24:MI:SS'),null,null);
Insert into MET01.MET01_RECIBO (RECIBO,NOMBRE,TOTAL,TOTAL_LETRAS,CONCEPTO,EVENTO,IGLESIA,ESTADO_REGISTRO,USUARIO_CREACION,FECHA_CREACION,USUARIO_MODIFICACION,FECHA_MODIFICACION) values (18,'FUENTE DE AGUA VIVA ZONA 17',500,'QUINIENTOS  QUETZALES CON 00/100','OFRENDA DE LA FIESTA ABRIL 2018',1,19,'A','ERYOL',to_date('28/04/2018 09:48:18','DD/MM/RRRR HH24:MI:SS'),null,null);
Insert into MET01.MET01_RECIBO (RECIBO,NOMBRE,TOTAL,TOTAL_LETRAS,CONCEPTO,EVENTO,IGLESIA,ESTADO_REGISTRO,USUARIO_CREACION,FECHA_CREACION,USUARIO_MODIFICACION,FECHA_MODIFICACION) values (19,'IGLESIA ADULAM SAN PEDRO SACATEPEQUEZ',1000,'MIL  QUETZALES CON 00/100','OFRENDA DE LA FIESTA ABRIL 2018',1,9,'A','ERYOL',to_date('28/04/2018 09:50:53','DD/MM/RRRR HH24:MI:SS'),null,null);
Insert into MET01.MET01_RECIBO (RECIBO,NOMBRE,TOTAL,TOTAL_LETRAS,CONCEPTO,EVENTO,IGLESIA,ESTADO_REGISTRO,USUARIO_CREACION,FECHA_CREACION,USUARIO_MODIFICACION,FECHA_MODIFICACION) values (20,'IGLESIA OASIS ZONA 18',1000,'MIL  QUETZALES CON 00/100','OFRENDA DE LA FIESTA ABRIL 2018',1,18,'A','ERYOL',to_date('28/04/2018 09:52:51','DD/MM/RRRR HH24:MI:SS'),null,null);
Insert into MET01.MET01_RECIBO (RECIBO,NOMBRE,TOTAL,TOTAL_LETRAS,CONCEPTO,EVENTO,IGLESIA,ESTADO_REGISTRO,USUARIO_CREACION,FECHA_CREACION,USUARIO_MODIFICACION,FECHA_MODIFICACION) values (21,'IGLESIA CANTICO NUEVO VILLA CANALES',1000,'MIL  QUETZALES CON 00/100','OFRENDA DE LA FIESTA ABRIL 2018',1,31,'A','ERYOL',to_date('28/04/2018 09:54:39','DD/MM/RRRR HH24:MI:SS'),null,null);
Insert into MET01.MET01_RECIBO (RECIBO,NOMBRE,TOTAL,TOTAL_LETRAS,CONCEPTO,EVENTO,IGLESIA,ESTADO_REGISTRO,USUARIO_CREACION,FECHA_CREACION,USUARIO_MODIFICACION,FECHA_MODIFICACION) values (22,'IGLESIA MONTE SION SAJCAVILLA SAN JUAN SACATEPEQUEZ',1000,'MIL  QUETZALES CON 00/100','OFRENDA DE LA FIESTA ABRIL 2018',1,6,'A','ERYOL',to_date('28/04/2018 09:56:28','DD/MM/RRRR HH24:MI:SS'),null,null);
Insert into MET01.MET01_RECIBO (RECIBO,NOMBRE,TOTAL,TOTAL_LETRAS,CONCEPTO,EVENTO,IGLESIA,ESTADO_REGISTRO,USUARIO_CREACION,FECHA_CREACION,USUARIO_MODIFICACION,FECHA_MODIFICACION) values (23,'IGLESIA COLINAS FUENTES DE AGUA VIVA',1000,'MIL  QUETZALES CON 00/100','OFRENDA DE LA FIESTA ABRIL 2018',1,10,'A','ERYOL',to_date('28/04/2018 10:02:35','DD/MM/RRRR HH24:MI:SS'),null,null);
Insert into MET01.MET01_RECIBO (RECIBO,NOMBRE,TOTAL,TOTAL_LETRAS,CONCEPTO,EVENTO,IGLESIA,ESTADO_REGISTRO,USUARIO_CREACION,FECHA_CREACION,USUARIO_MODIFICACION,FECHA_MODIFICACION) values (24,'IGLESIA LA ROCA FIRMA - TIERRA NUEVA 2',657,'SEIS CIENTOS  CINCUENTA Y SIETE  QUETZALES CON 00/100','OFRENDA DE LA FIESTA ABRIL 2018',1,1,'A','ERYOL',to_date('28/04/2018 10:05:28','DD/MM/RRRR HH24:MI:SS'),null,null);
Insert into MET01.MET01_RECIBO (RECIBO,NOMBRE,TOTAL,TOTAL_LETRAS,CONCEPTO,EVENTO,IGLESIA,ESTADO_REGISTRO,USUARIO_CREACION,FECHA_CREACION,USUARIO_MODIFICACION,FECHA_MODIFICACION) values (25,'IGLESIA SANTA ROSA - SAN JUAN SACATEPEQUEZ',1000,'MIL  QUETZALES CON 00/100','OFRENDA DE LA FIESTA ABRIL 2018',1,44,'A','ERYOL',to_date('28/04/2018 10:08:35','DD/MM/RRRR HH24:MI:SS'),null,null);
Insert into MET01.MET01_RECIBO (RECIBO,NOMBRE,TOTAL,TOTAL_LETRAS,CONCEPTO,EVENTO,IGLESIA,ESTADO_REGISTRO,USUARIO_CREACION,FECHA_CREACION,USUARIO_MODIFICACION,FECHA_MODIFICACION) values (26,'IGLESIA SOL DE JUSTICIA CAMPANERO ZONA 8 DE MIXCO',1000,'MIL  QUETZALES CON 00/100','OFRENDA DE LA FIESTA ABRIL 2018',1,5,'A','ERYOL',to_date('28/04/2018 10:11:37','DD/MM/RRRR HH24:MI:SS'),null,null);
Insert into MET01.MET01_RECIBO (RECIBO,NOMBRE,TOTAL,TOTAL_LETRAS,CONCEPTO,EVENTO,IGLESIA,ESTADO_REGISTRO,USUARIO_CREACION,FECHA_CREACION,USUARIO_MODIFICACION,FECHA_MODIFICACION) values (27,'IGLESIA REY DE GLORIA - LA BRIGADA',1000,'MIL  QUETZALES CON 00/100','OFRENDA DE LA FIESTA ABRIL 2018',1,4,'A','ERYOL',to_date('28/04/2018 10:13:47','DD/MM/RRRR HH24:MI:SS'),null,null);
Insert into MET01.MET01_RECIBO (RECIBO,NOMBRE,TOTAL,TOTAL_LETRAS,CONCEPTO,EVENTO,IGLESIA,ESTADO_REGISTRO,USUARIO_CREACION,FECHA_CREACION,USUARIO_MODIFICACION,FECHA_MODIFICACION) values (28,'JESUS REY DE REYES MIXCO',1000,'MIL  QUETZALES CON 00/100','OFRENDA DE LA FIESTA ABRIL 2018',1,49,'A','ERYOL',to_date('28/04/2018 10:32:24','DD/MM/RRRR HH24:MI:SS'),null,null);
Insert into MET01.MET01_RECIBO (RECIBO,NOMBRE,TOTAL,TOTAL_LETRAS,CONCEPTO,EVENTO,IGLESIA,ESTADO_REGISTRO,USUARIO_CREACION,FECHA_CREACION,USUARIO_MODIFICACION,FECHA_MODIFICACION) values (29,'IGLESIA CRISTO FIEL Y VERDADERO LO DE FUENTES',500,'QUINIENTOS  QUETZALES CON 00/100','OFRENDA DE LA FIESTA ABRIL 2018',1,8,'A','ERYOL',to_date('28/04/2018 10:36:09','DD/MM/RRRR HH24:MI:SS'),null,null);
Insert into MET01.MET01_RECIBO (RECIBO,NOMBRE,TOTAL,TOTAL_LETRAS,CONCEPTO,EVENTO,IGLESIA,ESTADO_REGISTRO,USUARIO_CREACION,FECHA_CREACION,USUARIO_MODIFICACION,FECHA_MODIFICACION) values (30,'IGLESIA PACTO DE GRACIA SAN RAYMUNDO',1000,'MIL  QUETZALES CON 00/100','OFRENDA DE LA FIESTA ABRIL 2018',1,43,'A','ERYOL',to_date('28/04/2018 10:59:36','DD/MM/RRRR HH24:MI:SS'),null,null);
Insert into MET01.MET01_RECIBO (RECIBO,NOMBRE,TOTAL,TOTAL_LETRAS,CONCEPTO,EVENTO,IGLESIA,ESTADO_REGISTRO,USUARIO_CREACION,FECHA_CREACION,USUARIO_MODIFICACION,FECHA_MODIFICACION) values (31,'IGLESIA REY DE GRACIA - CIUDAD QUETZAL',1470,'MIL CUATRO CIENTOS  SETENTA  QUETZALES CON 00/100','OFRENDA DE LA FIESTA ABRIL 2018',1,40,'A','ERYOL',to_date('28/04/2018 11:06:30','DD/MM/RRRR HH24:MI:SS'),null,null);
Insert into MET01.MET01_RECIBO (RECIBO,NOMBRE,TOTAL,TOTAL_LETRAS,CONCEPTO,EVENTO,IGLESIA,ESTADO_REGISTRO,USUARIO_CREACION,FECHA_CREACION,USUARIO_MODIFICACION,FECHA_MODIFICACION) values (32,'CRISTO SIEMPRE VICTORIOSO SAN FRANCISCO LAS LOMAS SAN JUAN SACATEPEQUEZ',1000,'MIL  QUETZALES CON 00/100','OFRENDA DE LA FIESTA ABRIL 2018',1,42,'A','ERYOL',to_date('28/04/2018 11:21:15','DD/MM/RRRR HH24:MI:SS'),null,null);
Insert into MET01.MET01_RECIBO (RECIBO,NOMBRE,TOTAL,TOTAL_LETRAS,CONCEPTO,EVENTO,IGLESIA,ESTADO_REGISTRO,USUARIO_CREACION,FECHA_CREACION,USUARIO_MODIFICACION,FECHA_MODIFICACION) values (33,'CRISTO FIEL Y VERDADERO LO DE FUENTES',1008,'MIL OCHO  QUETZALES CON 00/100','OFRENDA DE LA FIESTA JUNIO 2018 - (144 DOLARES)',2,8,'A','ERYOL',to_date('29/06/2018 11:23:23','DD/MM/RRRR HH24:MI:SS'),null,null);
Insert into MET01.MET01_RECIBO (RECIBO,NOMBRE,TOTAL,TOTAL_LETRAS,CONCEPTO,EVENTO,IGLESIA,ESTADO_REGISTRO,USUARIO_CREACION,FECHA_CREACION,USUARIO_MODIFICACION,FECHA_MODIFICACION) values (34,'TIEMPOS DE REFIGERIO CATALINA VILLA NUEVA',1000,'MIL  QUETZALES CON 00/100','OFRENDA DE LA FIESTA JUNIO 2018',2,21,'A','ERYOL',to_date('29/06/2018 15:33:54','DD/MM/RRRR HH24:MI:SS'),null,null);
Insert into MET01.MET01_RECIBO (RECIBO,NOMBRE,TOTAL,TOTAL_LETRAS,CONCEPTO,EVENTO,IGLESIA,ESTADO_REGISTRO,USUARIO_CREACION,FECHA_CREACION,USUARIO_MODIFICACION,FECHA_MODIFICACION) values (35,'GETSEMANI - SAN MATEO MILPAS ALTAS LA ANTIGUA',1000,'MIL  QUETZALES CON 00/100','OFRENDA DE LA FIESTA JUNIO 2018',2,36,'A','ERYOL',to_date('29/06/2018 16:43:00','DD/MM/RRRR HH24:MI:SS'),null,null);
Insert into MET01.MET01_RECIBO (RECIBO,NOMBRE,TOTAL,TOTAL_LETRAS,CONCEPTO,EVENTO,IGLESIA,ESTADO_REGISTRO,USUARIO_CREACION,FECHA_CREACION,USUARIO_MODIFICACION,FECHA_MODIFICACION) values (36,'LUGAR DE DESCANSO (UXLANIK) - SANTIAGO SACATEPEQUEZ',523.5,'QUINIENTOS VEINTITRES  QUETZALES CON 50/100','OFRENDA DE LA FIESTA JUNIO 2018',2,35,'A','ERYOL',to_date('29/06/2018 16:54:36','DD/MM/RRRR HH24:MI:SS'),null,null);
Insert into MET01.MET01_RECIBO (RECIBO,NOMBRE,TOTAL,TOTAL_LETRAS,CONCEPTO,EVENTO,IGLESIA,ESTADO_REGISTRO,USUARIO_CREACION,FECHA_CREACION,USUARIO_MODIFICACION,FECHA_MODIFICACION) values (37,'REMANENTE ZONA 6',1064,'MIL SESENTA Y CUATRO  QUETZALES CON 00/100','OFRENDA DE LA FIESTA JUNIO 2018',2,16,'A','ERYOL',to_date('29/06/2018 17:00:47','DD/MM/RRRR HH24:MI:SS'),null,null);
Insert into MET01.MET01_RECIBO (RECIBO,NOMBRE,TOTAL,TOTAL_LETRAS,CONCEPTO,EVENTO,IGLESIA,ESTADO_REGISTRO,USUARIO_CREACION,FECHA_CREACION,USUARIO_MODIFICACION,FECHA_MODIFICACION) values (38,'IGLESIA EMMANUEL ZONA 6',310,'TRES CIENTOS  DIEZ  QUETZALES CON 00/100','OFRENDA DE LA FIESTA JUNIO 2018',2,54,'A','ERYOL',to_date('29/06/2018 17:18:48','DD/MM/RRRR HH24:MI:SS'),null,null);
Insert into MET01.MET01_RECIBO (RECIBO,NOMBRE,TOTAL,TOTAL_LETRAS,CONCEPTO,EVENTO,IGLESIA,ESTADO_REGISTRO,USUARIO_CREACION,FECHA_CREACION,USUARIO_MODIFICACION,FECHA_MODIFICACION) values (39,'CASA DE ADORACION SAN LUCAS SACATEPEQUEZ',1000,'MIL  QUETZALES CON 00/100','OFRENDA DE LA FIESTA JUNIO 2018',2,38,'A','ERYOL',to_date('29/06/2018 17:32:58','DD/MM/RRRR HH24:MI:SS'),null,null);
Insert into MET01.MET01_RECIBO (RECIBO,NOMBRE,TOTAL,TOTAL_LETRAS,CONCEPTO,EVENTO,IGLESIA,ESTADO_REGISTRO,USUARIO_CREACION,FECHA_CREACION,USUARIO_MODIFICACION,FECHA_MODIFICACION) values (40,'SUMPANGO - SACATEPEQUEZ',1000,'MIL  QUETZALES CON 00/100','OFRENDA DE LA FIESTA JUNIO 2018',2,39,'A','ERYOL',to_date('29/06/2018 17:48:42','DD/MM/RRRR HH24:MI:SS'),null,null);
Insert into MET01.MET01_RECIBO (RECIBO,NOMBRE,TOTAL,TOTAL_LETRAS,CONCEPTO,EVENTO,IGLESIA,ESTADO_REGISTRO,USUARIO_CREACION,FECHA_CREACION,USUARIO_MODIFICACION,FECHA_MODIFICACION) values (41,'IGLESIA JIREH AZACUALPILLA PALENCIA',1000,'MIL  QUETZALES CON 00/100','OFRENDA DE LA FIESTA JUNIO 2018',2,55,'A','ERYOL',to_date('29/06/2018 17:55:01','DD/MM/RRRR HH24:MI:SS'),null,null);
Insert into MET01.MET01_RECIBO (RECIBO,NOMBRE,TOTAL,TOTAL_LETRAS,CONCEPTO,EVENTO,IGLESIA,ESTADO_REGISTRO,USUARIO_CREACION,FECHA_CREACION,USUARIO_MODIFICACION,FECHA_MODIFICACION) values (42,'CANTICO NUEVO VILLA CANALES',1000,'MIL  QUETZALES CON 00/100','OFRENDA DE LA FIESTA JUNIO 2018',2,31,'A','ERYOL',to_date('29/06/2018 17:58:48','DD/MM/RRRR HH24:MI:SS'),null,null);
Insert into MET01.MET01_RECIBO (RECIBO,NOMBRE,TOTAL,TOTAL_LETRAS,CONCEPTO,EVENTO,IGLESIA,ESTADO_REGISTRO,USUARIO_CREACION,FECHA_CREACION,USUARIO_MODIFICACION,FECHA_MODIFICACION) values (43,'RIOS DE AGUA VIVA - ZONA 1',1360,'MIL TRES CIENTOS  SESENTA  QUETZALES CON 00/100','OFRENDA DE LA FIESTA JUNIO 2018',2,15,'A','ERYOL',to_date('29/06/2018 18:02:02','DD/MM/RRRR HH24:MI:SS'),null,null);
Insert into MET01.MET01_RECIBO (RECIBO,NOMBRE,TOTAL,TOTAL_LETRAS,CONCEPTO,EVENTO,IGLESIA,ESTADO_REGISTRO,USUARIO_CREACION,FECHA_CREACION,USUARIO_MODIFICACION,FECHA_MODIFICACION) values (44,'PACTO DE GRACIA SAN RAYMUNDO',1000,'MIL  QUETZALES CON 00/100','OFRENDA DE LA FIESTA JUNIO 2018',2,43,'A','ERYOL',to_date('29/06/2018 18:39:42','DD/MM/RRRR HH24:MI:SS'),null,null);
Insert into MET01.MET01_RECIBO (RECIBO,NOMBRE,TOTAL,TOTAL_LETRAS,CONCEPTO,EVENTO,IGLESIA,ESTADO_REGISTRO,USUARIO_CREACION,FECHA_CREACION,USUARIO_MODIFICACION,FECHA_MODIFICACION) values (45,'SEÑOR Y REY PERONIA',1000,'MIL  QUETZALES CON 00/100','OFRENDA DE LA FIESTA JUNIO 2018',2,11,'A','ERYOL',to_date('29/06/2018 18:51:25','DD/MM/RRRR HH24:MI:SS'),null,null);
Insert into MET01.MET01_RECIBO (RECIBO,NOMBRE,TOTAL,TOTAL_LETRAS,CONCEPTO,EVENTO,IGLESIA,ESTADO_REGISTRO,USUARIO_CREACION,FECHA_CREACION,USUARIO_MODIFICACION,FECHA_MODIFICACION) values (46,'LA ROCA FIRME - TIERRA NUEVA 2',1000,'MIL  QUETZALES CON 00/100','OFRENDA DE LA FIESTA JUNIO 2018',2,1,'A','ERYOL',to_date('29/06/2018 18:52:54','DD/MM/RRRR HH24:MI:SS'),null,null);
Insert into MET01.MET01_RECIBO (RECIBO,NOMBRE,TOTAL,TOTAL_LETRAS,CONCEPTO,EVENTO,IGLESIA,ESTADO_REGISTRO,USUARIO_CREACION,FECHA_CREACION,USUARIO_MODIFICACION,FECHA_MODIFICACION) values (47,'MONTE SION SAJCAVILLA SAN JUAN SACATEPEQUEZ',1000,'MIL  QUETZALES CON 00/100','OFRENDA DE LA FIESTA JUNIO 2018',2,6,'A','ERYOL',to_date('29/06/2018 18:54:46','DD/MM/RRRR HH24:MI:SS'),null,null);
Insert into MET01.MET01_RECIBO (RECIBO,NOMBRE,TOTAL,TOTAL_LETRAS,CONCEPTO,EVENTO,IGLESIA,ESTADO_REGISTRO,USUARIO_CREACION,FECHA_CREACION,USUARIO_MODIFICACION,FECHA_MODIFICACION) values (48,'ADULAM SAN PEDRO SACATEPEQUEZ',1000,'MIL  QUETZALES CON 00/100','OFRENDA DE LA FIESTA JUNIO 2018',2,9,'A','ERYOL',to_date('29/06/2018 19:01:10','DD/MM/RRRR HH24:MI:SS'),null,null);
Insert into MET01.MET01_RECIBO (RECIBO,NOMBRE,TOTAL,TOTAL_LETRAS,CONCEPTO,EVENTO,IGLESIA,ESTADO_REGISTRO,USUARIO_CREACION,FECHA_CREACION,USUARIO_MODIFICACION,FECHA_MODIFICACION) values (49,'CANAAN CHICHIMECAS VILLA CANALES',1000,'MIL  QUETZALES CON 00/100','OFRENDA DE LA FIESTA JUNIO 2018',2,30,'A','ERYOL',to_date('29/06/2018 19:04:22','DD/MM/RRRR HH24:MI:SS'),null,null);
Insert into MET01.MET01_RECIBO (RECIBO,NOMBRE,TOTAL,TOTAL_LETRAS,CONCEPTO,EVENTO,IGLESIA,ESTADO_REGISTRO,USUARIO_CREACION,FECHA_CREACION,USUARIO_MODIFICACION,FECHA_MODIFICACION) values (50,'LA ROCA - GRANADOS BAJA VERAPAZ',1000,'MIL  QUETZALES CON 00/100','OFRENDA DE LA FIESTA JUNIO 2018',2,41,'A','ERYOL',to_date('29/06/2018 19:17:52','DD/MM/RRRR HH24:MI:SS'),null,null);
Insert into MET01.MET01_RECIBO (RECIBO,NOMBRE,TOTAL,TOTAL_LETRAS,CONCEPTO,EVENTO,IGLESIA,ESTADO_REGISTRO,USUARIO_CREACION,FECHA_CREACION,USUARIO_MODIFICACION,FECHA_MODIFICACION) values (51,'ODRES NUEVOS - AMATITLAN',1000,'MIL  QUETZALES CON 00/100','OFRENDA DE LA FIESTA JUNIO 2018',2,20,'A','ERYOL',to_date('29/06/2018 19:20:31','DD/MM/RRRR HH24:MI:SS'),null,null);
Insert into MET01.MET01_RECIBO (RECIBO,NOMBRE,TOTAL,TOTAL_LETRAS,CONCEPTO,EVENTO,IGLESIA,ESTADO_REGISTRO,USUARIO_CREACION,FECHA_CREACION,USUARIO_MODIFICACION,FECHA_MODIFICACION) values (52,'EL ARCA SAN JUAN SACATEPEQUEZ',1000,'MIL  QUETZALES CON 00/100','OFRENDA DE LA FIESTA JUNIO 2018',2,3,'A','ERYOL',to_date('29/06/2018 19:21:14','DD/MM/RRRR HH24:MI:SS'),null,null);
Insert into MET01.MET01_RECIBO (RECIBO,NOMBRE,TOTAL,TOTAL_LETRAS,CONCEPTO,EVENTO,IGLESIA,ESTADO_REGISTRO,USUARIO_CREACION,FECHA_CREACION,USUARIO_MODIFICACION,FECHA_MODIFICACION) values (53,'IGLESIA PACTO DE SALVACION ZONA 1',350,'TRES CIENTOS  CINCUENTA  QUETZALES CON 00/100','OFRENDA DE LA FIESTA JUNIO 2018',2,56,'A','ERYOL',to_date('29/06/2018 19:26:20','DD/MM/RRRR HH24:MI:SS'),null,null);
Insert into MET01.MET01_RECIBO (RECIBO,NOMBRE,TOTAL,TOTAL_LETRAS,CONCEPTO,EVENTO,IGLESIA,ESTADO_REGISTRO,USUARIO_CREACION,FECHA_CREACION,USUARIO_MODIFICACION,FECHA_MODIFICACION) values (54,'EL PAJON - KM 18 SANTA CATARINA PINULA',1000,'MIL  QUETZALES CON 00/100','OFRENDA DE LA FIESTA JUNIO 2018',2,32,'A','ERYOL',to_date('29/06/2018 19:28:26','DD/MM/RRRR HH24:MI:SS'),null,null);
Insert into MET01.MET01_RECIBO (RECIBO,NOMBRE,TOTAL,TOTAL_LETRAS,CONCEPTO,EVENTO,IGLESIA,ESTADO_REGISTRO,USUARIO_CREACION,FECHA_CREACION,USUARIO_MODIFICACION,FECHA_MODIFICACION) values (55,'EDTESTIMONIO - BARCENAS VILLA NUEVA',1000,'MIL  QUETZALES CON 00/100','OFRENDA DE LA FIESTA JUNIO 2018',2,27,'A','ERYOL',to_date('29/06/2018 19:39:42','DD/MM/RRRR HH24:MI:SS'),null,null);
Insert into MET01.MET01_RECIBO (RECIBO,NOMBRE,TOTAL,TOTAL_LETRAS,CONCEPTO,EVENTO,IGLESIA,ESTADO_REGISTRO,USUARIO_CREACION,FECHA_CREACION,USUARIO_MODIFICACION,FECHA_MODIFICACION) values (56,'LA LIBERACION DEL ESPIRITU ZONA 7',500,'QUINIENTOS  QUETZALES CON 00/100','OFRENDA DE LA FIESTA JUNIO 2018',2,47,'A','ERYOL',to_date('29/06/2018 19:49:07','DD/MM/RRRR HH24:MI:SS'),null,null);
Insert into MET01.MET01_RECIBO (RECIBO,NOMBRE,TOTAL,TOTAL_LETRAS,CONCEPTO,EVENTO,IGLESIA,ESTADO_REGISTRO,USUARIO_CREACION,FECHA_CREACION,USUARIO_MODIFICACION,FECHA_MODIFICACION) values (57,'FUENTE DE GRACIA ZONA 9',1500,'MIL QUINIENTOS  QUETZALES CON 00/100','OFRENDA DE LA FIESTA JUNIO 2018',2,17,'A','ERYOL',to_date('29/06/2018 19:54:11','DD/MM/RRRR HH24:MI:SS'),null,null);
Insert into MET01.MET01_RECIBO (RECIBO,NOMBRE,TOTAL,TOTAL_LETRAS,CONCEPTO,EVENTO,IGLESIA,ESTADO_REGISTRO,USUARIO_CREACION,FECHA_CREACION,USUARIO_MODIFICACION,FECHA_MODIFICACION) values (58,'COLINAS FUENTES DE AGUA VIVA',1000,'MIL  QUETZALES CON 00/100','OFRENDA DE LA FIESTA JUNIO 2018',2,10,'A','ERYOL',to_date('29/06/2018 19:58:28','DD/MM/RRRR HH24:MI:SS'),null,null);
Insert into MET01.MET01_RECIBO (RECIBO,NOMBRE,TOTAL,TOTAL_LETRAS,CONCEPTO,EVENTO,IGLESIA,ESTADO_REGISTRO,USUARIO_CREACION,FECHA_CREACION,USUARIO_MODIFICACION,FECHA_MODIFICACION) values (59,'REY DE GLORIA - LA BRIGADA',1000,'MIL  QUETZALES CON 00/100','OFRENDA DE LA FIESTA JUNIO 2018',2,4,'A','ERYOL',to_date('29/06/2018 20:22:09','DD/MM/RRRR HH24:MI:SS'),null,null);
Insert into MET01.MET01_RECIBO (RECIBO,NOMBRE,TOTAL,TOTAL_LETRAS,CONCEPTO,EVENTO,IGLESIA,ESTADO_REGISTRO,USUARIO_CREACION,FECHA_CREACION,USUARIO_MODIFICACION,FECHA_MODIFICACION) values (61,'IGLESIA DIOS CON NOSOTROS ZONA 3 VILLA NUEVA',1000,'MIL  QUETZALES CON 00/100','OFRENDA DE LA FIESTA JUNIO 2018',2,59,'A','ERYOL',to_date('29/06/2018 21:17:22','DD/MM/RRRR HH24:MI:SS'),null,null);
Insert into MET01.MET01_RECIBO (RECIBO,NOMBRE,TOTAL,TOTAL_LETRAS,CONCEPTO,EVENTO,IGLESIA,ESTADO_REGISTRO,USUARIO_CREACION,FECHA_CREACION,USUARIO_MODIFICACION,FECHA_MODIFICACION) values (60,'IGLESIA LINDA VISTA ZONA 4 VILLA NUEVA',1000,'MIL  QUETZALES CON 00/100','OFRENDA DE LA FIESTA JUNIO 2018',2,58,'A','ERYOL',to_date('29/06/2018 21:05:17','DD/MM/RRRR HH24:MI:SS'),null,null);
Insert into MET01.MET01_RECIBO (RECIBO,NOMBRE,TOTAL,TOTAL_LETRAS,CONCEPTO,EVENTO,IGLESIA,ESTADO_REGISTRO,USUARIO_CREACION,FECHA_CREACION,USUARIO_MODIFICACION,FECHA_MODIFICACION) values (62,'CRISTO SIEMPRE VICTORIOSO SAN FRANCISCO LAS LOMAS SAN JUAN SACATEPEQUEZ',1000,'MIL  QUETZALES CON 00/100','OFRENDA DE LA FIESTA JUNIO 2018',2,42,'A','ERYOL',to_date('30/06/2018 09:49:45','DD/MM/RRRR HH24:MI:SS'),null,null);
Insert into MET01.MET01_RECIBO (RECIBO,NOMBRE,TOTAL,TOTAL_LETRAS,CONCEPTO,EVENTO,IGLESIA,ESTADO_REGISTRO,USUARIO_CREACION,FECHA_CREACION,USUARIO_MODIFICACION,FECHA_MODIFICACION) values (65,'LAS ROSAS - ZONA 6 DE MIXCO',1000,'MIL  QUETZALES CON 00/100','OFRENDA DE LA FIESTA JUNIO 2018',2,13,'A','ERYOL',to_date('01/07/2018 10:06:48','DD/MM/RRRR HH24:MI:SS'),null,null);
Insert into MET01.MET01_RECIBO (RECIBO,NOMBRE,TOTAL,TOTAL_LETRAS,CONCEPTO,EVENTO,IGLESIA,ESTADO_REGISTRO,USUARIO_CREACION,FECHA_CREACION,USUARIO_MODIFICACION,FECHA_MODIFICACION) values (107,'SANTA ROSA - SAN JUAN SACATEPEQUEZ',250,'DOS CIENTOS  CINCUENTA QUETZALES CON 00/100','OFRENDA DE LA FIESTA NOVIEMBRE 2018',4,44,'A','MFERNANDEZ',to_date('03/11/2018 08:41:10','DD/MM/RRRR HH24:MI:SS'),null,null);
Insert into MET01.MET01_RECIBO (RECIBO,NOMBRE,TOTAL,TOTAL_LETRAS,CONCEPTO,EVENTO,IGLESIA,ESTADO_REGISTRO,USUARIO_CREACION,FECHA_CREACION,USUARIO_MODIFICACION,FECHA_MODIFICACION) values (121,'MONTE SION SAJCAVILLA SAN JUAN SACATEPEQUEZ',1000,'MIL QUETZALES CON 00/100','OFRENDA DE LA FIESTA NOVIEMBRE 2018',4,6,'A','MFERNANDEZ',to_date('03/11/2018 09:11:54','DD/MM/RRRR HH24:MI:SS'),null,null);
Insert into MET01.MET01_RECIBO (RECIBO,NOMBRE,TOTAL,TOTAL_LETRAS,CONCEPTO,EVENTO,IGLESIA,ESTADO_REGISTRO,USUARIO_CREACION,FECHA_CREACION,USUARIO_MODIFICACION,FECHA_MODIFICACION) values (124,'REY DE GLORIA - LA BRIGADA',500,'QUINIENTOS QUETZALES CON 00/100','OFRENDA DE LA FIESTA NOVIEMBRE 2018',4,4,'A','MFERNANDEZ',to_date('03/11/2018 09:25:52','DD/MM/RRRR HH24:MI:SS'),null,null);
Insert into MET01.MET01_RECIBO (RECIBO,NOMBRE,TOTAL,TOTAL_LETRAS,CONCEPTO,EVENTO,IGLESIA,ESTADO_REGISTRO,USUARIO_CREACION,FECHA_CREACION,USUARIO_MODIFICACION,FECHA_MODIFICACION) values (125,'FRESCA UNCION CHUARRANCHO',200,'DOS CIENTOS  QUETZALES CON 00/100','OFRENDA DE LA FIESTA NOVIEMBRE 2018',4,50,'A','MFERNANDEZ',to_date('03/11/2018 09:27:05','DD/MM/RRRR HH24:MI:SS'),null,null);
Insert into MET01.MET01_RECIBO (RECIBO,NOMBRE,TOTAL,TOTAL_LETRAS,CONCEPTO,EVENTO,IGLESIA,ESTADO_REGISTRO,USUARIO_CREACION,FECHA_CREACION,USUARIO_MODIFICACION,FECHA_MODIFICACION) values (129,'SEÑOR Y REY PERONIA',700,'SETECIENTOS QUETZALES CON 00/100','OFRENDA DE LA FIESTA NOVIEMBRE 2018',4,11,'A','MFERNANDEZ',to_date('03/11/2018 09:36:06','DD/MM/RRRR HH24:MI:SS'),null,null);
Insert into MET01.MET01_RECIBO (RECIBO,NOMBRE,TOTAL,TOTAL_LETRAS,CONCEPTO,EVENTO,IGLESIA,ESTADO_REGISTRO,USUARIO_CREACION,FECHA_CREACION,USUARIO_MODIFICACION,FECHA_MODIFICACION) values (136,'SANTA INES PINULA KM 20 SAN JOSE PINULA',270,'DOS CIENTOS  SETENTA QUETZALES CON 00/100','OFRENDA DE LA FIESTA NOVIEMBRE 2018',4,46,'A','MFERNANDEZ',to_date('03/11/2018 10:22:42','DD/MM/RRRR HH24:MI:SS'),null,null);
Insert into MET01.MET01_RECIBO (RECIBO,NOMBRE,TOTAL,TOTAL_LETRAS,CONCEPTO,EVENTO,IGLESIA,ESTADO_REGISTRO,USUARIO_CREACION,FECHA_CREACION,USUARIO_MODIFICACION,FECHA_MODIFICACION) values (137,'REY DE GRACIA - CIUDAD QUETZAL',650,'SEIS CIENTOS  CINCUENTA QUETZALES CON 00/100','OFRENDA DE LA FIESTA NOVIEMBRE 2018',4,40,'A','MFERNANDEZ',to_date('03/11/2018 10:25:27','DD/MM/RRRR HH24:MI:SS'),null,null);
Insert into MET01.MET01_RECIBO (RECIBO,NOMBRE,TOTAL,TOTAL_LETRAS,CONCEPTO,EVENTO,IGLESIA,ESTADO_REGISTRO,USUARIO_CREACION,FECHA_CREACION,USUARIO_MODIFICACION,FECHA_MODIFICACION) values (138,'LA ROCA - GRANADOS BAJA VERAPAZ',200,'DOS CIENTOS  QUETZALES CON 00/100','OFRENDA DE LA FIESTA NOVIEMBRE 2018',4,41,'A','MFERNANDEZ',to_date('03/11/2018 10:40:56','DD/MM/RRRR HH24:MI:SS'),null,null);
Insert into MET01.MET01_RECIBO (RECIBO,NOMBRE,TOTAL,TOTAL_LETRAS,CONCEPTO,EVENTO,IGLESIA,ESTADO_REGISTRO,USUARIO_CREACION,FECHA_CREACION,USUARIO_MODIFICACION,FECHA_MODIFICACION) values (139,'PRIMERO DE JULIO EL VERBO DE DIOS ZONA 5 MIXCO',325,'TRES CIENTOS  VEINTICINCO QUETZALES CON 00/100','OFRENDA DE LA FIESTA NOVIEMBRE 2018',4,7,'A','MFERNANDEZ',to_date('03/11/2018 10:51:21','DD/MM/RRRR HH24:MI:SS'),null,null);
Insert into MET01.MET01_RECIBO (RECIBO,NOMBRE,TOTAL,TOTAL_LETRAS,CONCEPTO,EVENTO,IGLESIA,ESTADO_REGISTRO,USUARIO_CREACION,FECHA_CREACION,USUARIO_MODIFICACION,FECHA_MODIFICACION) values (140,'CASA DE ADORACION SAN LUCAS SACATEPEQUEZ',400,'CUATRO CIENTOS  QUETZALES CON 00/100','OFRENDA DE LA FIESTA NOVIEMBRE 2018',4,38,'A','MFERNANDEZ',to_date('03/11/2018 10:57:37','DD/MM/RRRR HH24:MI:SS'),null,null);
Insert into MET01.MET01_RECIBO (RECIBO,NOMBRE,TOTAL,TOTAL_LETRAS,CONCEPTO,EVENTO,IGLESIA,ESTADO_REGISTRO,USUARIO_CREACION,FECHA_CREACION,USUARIO_MODIFICACION,FECHA_MODIFICACION) values (141,'LUGAR DE DESCANSO (UXLANIK) - SANTIAGO SACATEPEQUEZ',320,'TRES CIENTOS  VEINTE QUETZALES CON 00/100','OFRENDA DE LA FIESTA NOVIEMBRE 2018',4,35,'A','MFERNANDEZ',to_date('03/11/2018 10:59:25','DD/MM/RRRR HH24:MI:SS'),null,null);
Insert into MET01.MET01_RECIBO (RECIBO,NOMBRE,TOTAL,TOTAL_LETRAS,CONCEPTO,EVENTO,IGLESIA,ESTADO_REGISTRO,USUARIO_CREACION,FECHA_CREACION,USUARIO_MODIFICACION,FECHA_MODIFICACION) values (142,'GETSEMANI - SAN MATEO MILPAS ALTAS LA ANTIGUA',1175,'MIL CIENTO SETENTA Y CINCO QUETZALES CON 00/100','OFRENDA DE LA FIESTA NOVIEMBRE 2018',4,36,'A','MFERNANDEZ',to_date('03/11/2018 11:00:48','DD/MM/RRRR HH24:MI:SS'),null,null);
Insert into MET01.MET01_RECIBO (RECIBO,NOMBRE,TOTAL,TOTAL_LETRAS,CONCEPTO,EVENTO,IGLESIA,ESTADO_REGISTRO,USUARIO_CREACION,FECHA_CREACION,USUARIO_MODIFICACION,FECHA_MODIFICACION) values (143,'IGLESIA EMMANUEL ZONA 6',300,'TRES CIENTOS  QUETZALES CON 00/100','OFRENDA DE LA FIESTA NOVIEMBRE 2018',4,54,'A','MFERNANDEZ',to_date('03/11/2018 11:23:39','DD/MM/RRRR HH24:MI:SS'),null,null);
Insert into MET01.MET01_RECIBO (RECIBO,NOMBRE,TOTAL,TOTAL_LETRAS,CONCEPTO,EVENTO,IGLESIA,ESTADO_REGISTRO,USUARIO_CREACION,FECHA_CREACION,USUARIO_MODIFICACION,FECHA_MODIFICACION) values (144,'PAN DEL CIELO EL BUCARO',400,'CUATRO CIENTOS  QUETZALES CON 00/100','OFRENDA DE LA FIESTA NOVIEMBRE 2018',4,62,'A','MFERNANDEZ',to_date('03/11/2018 11:27:08','DD/MM/RRRR HH24:MI:SS'),null,null);
Insert into MET01.MET01_RECIBO (RECIBO,NOMBRE,TOTAL,TOTAL_LETRAS,CONCEPTO,EVENTO,IGLESIA,ESTADO_REGISTRO,USUARIO_CREACION,FECHA_CREACION,USUARIO_MODIFICACION,FECHA_MODIFICACION) values (145,'IGLESIA LINDA VISTA ZONA 4 VILLA NUEVA',500,'QUINIENTOS QUETZALES CON 00/100','OFRENDA DE LA FIESTA NOVIEMBRE 2018',4,58,'A','MFERNANDEZ',to_date('03/11/2018 11:45:45','DD/MM/RRRR HH24:MI:SS'),null,null);
Insert into MET01.MET01_RECIBO (RECIBO,NOMBRE,TOTAL,TOTAL_LETRAS,CONCEPTO,EVENTO,IGLESIA,ESTADO_REGISTRO,USUARIO_CREACION,FECHA_CREACION,USUARIO_MODIFICACION,FECHA_MODIFICACION) values (146,'ADULAM SAN PEDRO SACATEPEQUEZ',700,'SETECIENTOS QUETZALES CON 00/100','OFRENDA DE LA FIESTA NOVIEMBRE 2018',4,9,'A','MFERNANDEZ',to_date('03/11/2018 11:49:31','DD/MM/RRRR HH24:MI:SS'),null,null);
Insert into MET01.MET01_RECIBO (RECIBO,NOMBRE,TOTAL,TOTAL_LETRAS,CONCEPTO,EVENTO,IGLESIA,ESTADO_REGISTRO,USUARIO_CREACION,FECHA_CREACION,USUARIO_MODIFICACION,FECHA_MODIFICACION) values (147,'COLINAS FUENTES DE AGUA VIVA',50,'CINCUENTA QUETZALES CON 00/100','OFRENDA DE LA FIESTA NOVIEMBRE 2018',4,10,'A','MFERNANDEZ',to_date('03/11/2018 12:26:58','DD/MM/RRRR HH24:MI:SS'),null,null);
Insert into MET01.MET01_RECIBO (RECIBO,NOMBRE,TOTAL,TOTAL_LETRAS,CONCEPTO,EVENTO,IGLESIA,ESTADO_REGISTRO,USUARIO_CREACION,FECHA_CREACION,USUARIO_MODIFICACION,FECHA_MODIFICACION) values (148,'SUMPANGO - SACATEPEQUEZ',1000,'MIL QUETZALES CON 00/100','OFRENDA DE LA FIESTA NOVIEMBRE 2018',4,39,'A','MFERNANDEZ',to_date('03/11/2018 12:39:26','DD/MM/RRRR HH24:MI:SS'),null,null);
Insert into MET01.MET01_RECIBO (RECIBO,NOMBRE,TOTAL,TOTAL_LETRAS,CONCEPTO,EVENTO,IGLESIA,ESTADO_REGISTRO,USUARIO_CREACION,FECHA_CREACION,USUARIO_MODIFICACION,FECHA_MODIFICACION) values (149,'IGLESIA OFICINA CENTRAL',1300,'MIL TRES CIENTOS  QUETZALES CON 00/100','OFRENDA DE LA FIESTA NOVIEMBRE 2018',4,52,'A','MFERNANDEZ',to_date('03/11/2018 12:48:21','DD/MM/RRRR HH24:MI:SS'),null,null);
Insert into MET01.MET01_RECIBO (RECIBO,NOMBRE,TOTAL,TOTAL_LETRAS,CONCEPTO,EVENTO,IGLESIA,ESTADO_REGISTRO,USUARIO_CREACION,FECHA_CREACION,USUARIO_MODIFICACION,FECHA_MODIFICACION) values (150,'MAHANAIM LA FLORIDA ZONA 19',700,'SETECIENTOS QUETZALES CON 00/100','OFRENDA DE LA FIESTA NOVIEMBRE 2018',4,74,'A','MFERNANDEZ',to_date('03/11/2018 13:10:09','DD/MM/RRRR HH24:MI:SS'),null,null);
Insert into MET01.MET01_RECIBO (RECIBO,NOMBRE,TOTAL,TOTAL_LETRAS,CONCEPTO,EVENTO,IGLESIA,ESTADO_REGISTRO,USUARIO_CREACION,FECHA_CREACION,USUARIO_MODIFICACION,FECHA_MODIFICACION) values (156,'JEHOVA ES MI PASTOR BOCA DEL MONTE',1000,'MIL QUETZALES CON 00/100','OFRENDA DE LA FIESTA MARZO 2019',5,63,'A','MFERNANDEZ',to_date('02/03/2019 09:31:37','DD/MM/RRRR HH24:MI:SS'),null,null);
Insert into MET01.MET01_RECIBO (RECIBO,NOMBRE,TOTAL,TOTAL_LETRAS,CONCEPTO,EVENTO,IGLESIA,ESTADO_REGISTRO,USUARIO_CREACION,FECHA_CREACION,USUARIO_MODIFICACION,FECHA_MODIFICACION) values (157,'DIOS ES MI PAZ FRAIJANES',308,'TRES CIENTOS  OCHO QUETZALES CON 00/100','OFRENDA DE LA FIESTA MARZO 2019',5,69,'A','MFERNANDEZ',to_date('02/03/2019 09:33:47','DD/MM/RRRR HH24:MI:SS'),null,null);
Insert into MET01.MET01_RECIBO (RECIBO,NOMBRE,TOTAL,TOTAL_LETRAS,CONCEPTO,EVENTO,IGLESIA,ESTADO_REGISTRO,USUARIO_CREACION,FECHA_CREACION,USUARIO_MODIFICACION,FECHA_MODIFICACION) values (158,'IGLESIA DE CRISTO LA PROMESA ZONA 14',1000,'MIL QUETZALES CON 00/100','OFRENDA DE LA FIESTA MARZO 2019',5,28,'A','MFERNANDEZ',to_date('02/03/2019 09:36:03','DD/MM/RRRR HH24:MI:SS'),null,null);
Insert into MET01.MET01_RECIBO (RECIBO,NOMBRE,TOTAL,TOTAL_LETRAS,CONCEPTO,EVENTO,IGLESIA,ESTADO_REGISTRO,USUARIO_CREACION,FECHA_CREACION,USUARIO_MODIFICACION,FECHA_MODIFICACION) values (160,'FUENTE DE MISERICORDIA SAN JUAN SACATEPEQUEZ',600,'SEIS CIENTOS  QUETZALES CON 00/100','OFRENDA DE LA FIESTA MARZO 2019',5,12,'A','MFERNANDEZ',to_date('02/03/2019 09:42:16','DD/MM/RRRR HH24:MI:SS'),null,null);
Insert into MET01.MET01_RECIBO (RECIBO,NOMBRE,TOTAL,TOTAL_LETRAS,CONCEPTO,EVENTO,IGLESIA,ESTADO_REGISTRO,USUARIO_CREACION,FECHA_CREACION,USUARIO_MODIFICACION,FECHA_MODIFICACION) values (162,'TIEMPOS DE REFRIGERIO CATALINA VILLA NUEVA',1000,'MIL QUETZALES CON 00/100','OFRENDA DE LA FIESTA MARZO 2019',5,21,'A','MFERNANDEZ',to_date('02/03/2019 09:46:55','DD/MM/RRRR HH24:MI:SS'),null,null);
Insert into MET01.MET01_RECIBO (RECIBO,NOMBRE,TOTAL,TOTAL_LETRAS,CONCEPTO,EVENTO,IGLESIA,ESTADO_REGISTRO,USUARIO_CREACION,FECHA_CREACION,USUARIO_MODIFICACION,FECHA_MODIFICACION) values (165,'REMANENTE ZONA 6',600,'SEIS CIENTOS  QUETZALES CON 00/100','OFRENDA DE LA FIESTA MARZO 2019',5,16,'A','MFERNANDEZ',to_date('02/03/2019 09:55:54','DD/MM/RRRR HH24:MI:SS'),null,null);
Insert into MET01.MET01_RECIBO (RECIBO,NOMBRE,TOTAL,TOTAL_LETRAS,CONCEPTO,EVENTO,IGLESIA,ESTADO_REGISTRO,USUARIO_CREACION,FECHA_CREACION,USUARIO_MODIFICACION,FECHA_MODIFICACION) values (166,'IGLESIA JIREH AZACUALPILLA PALENCIA',700,'SETECIENTOS QUETZALES CON 00/100','OFRENDA DE LA FIESTA MARZO 2019',5,55,'A','MFERNANDEZ',to_date('02/03/2019 09:59:15','DD/MM/RRRR HH24:MI:SS'),null,null);
Insert into MET01.MET01_RECIBO (RECIBO,NOMBRE,TOTAL,TOTAL_LETRAS,CONCEPTO,EVENTO,IGLESIA,ESTADO_REGISTRO,USUARIO_CREACION,FECHA_CREACION,USUARIO_MODIFICACION,FECHA_MODIFICACION) values (167,'LUGAR DE REPOSO - EL CARMEN',500,'QUINIENTOS QUETZALES CON 00/100','OFRENDA DE LA FIESTA MARZO 2019',5,29,'A','MFERNANDEZ',to_date('02/03/2019 10:00:40','DD/MM/RRRR HH24:MI:SS'),null,null);
Insert into MET01.MET01_RECIBO (RECIBO,NOMBRE,TOTAL,TOTAL_LETRAS,CONCEPTO,EVENTO,IGLESIA,ESTADO_REGISTRO,USUARIO_CREACION,FECHA_CREACION,USUARIO_MODIFICACION,FECHA_MODIFICACION) values (168,'EL CERINAL BARBERENA SANTA ROSA',400,'CUATRO CIENTOS  QUETZALES CON 00/100','OFRENDA DE LA FIESTA MARZO 2019',5,77,'A','MFERNANDEZ',to_date('02/03/2019 10:03:46','DD/MM/RRRR HH24:MI:SS'),null,null);
Insert into MET01.MET01_RECIBO (RECIBO,NOMBRE,TOTAL,TOTAL_LETRAS,CONCEPTO,EVENTO,IGLESIA,ESTADO_REGISTRO,USUARIO_CREACION,FECHA_CREACION,USUARIO_MODIFICACION,FECHA_MODIFICACION) values (175,'OASIS ZONA 18',500,'QUINIENTOS QUETZALES CON 00/100','OFRENDA DE LA FIESTA MARZO 2019',5,18,'A','MFERNANDEZ',to_date('02/03/2019 10:23:00','DD/MM/RRRR HH24:MI:SS'),null,null);
Insert into MET01.MET01_RECIBO (RECIBO,NOMBRE,TOTAL,TOTAL_LETRAS,CONCEPTO,EVENTO,IGLESIA,ESTADO_REGISTRO,USUARIO_CREACION,FECHA_CREACION,USUARIO_MODIFICACION,FECHA_MODIFICACION) values (176,'REY DE PAZ MIXCO SAN JACINTO',800,'OCHO CIENTOS  QUETZALES CON 00/100','OFRENDA DE LA FIESTA MARZO 2019',5,2,'A','MFERNANDEZ',to_date('02/03/2019 10:30:17','DD/MM/RRRR HH24:MI:SS'),null,null);
Insert into MET01.MET01_RECIBO (RECIBO,NOMBRE,TOTAL,TOTAL_LETRAS,CONCEPTO,EVENTO,IGLESIA,ESTADO_REGISTRO,USUARIO_CREACION,FECHA_CREACION,USUARIO_MODIFICACION,FECHA_MODIFICACION) values (180,'PRIMERO DE JULIO EL VERBO DE DIOS ZONA 5 MIXCO',300,'TRES CIENTOS  QUETZALES CON 00/100','OFRENDA DE LA FIESTA MARZO 2019',5,7,'A','MFERNANDEZ',to_date('02/03/2019 10:40:08','DD/MM/RRRR HH24:MI:SS'),null,null);
Insert into MET01.MET01_RECIBO (RECIBO,NOMBRE,TOTAL,TOTAL_LETRAS,CONCEPTO,EVENTO,IGLESIA,ESTADO_REGISTRO,USUARIO_CREACION,FECHA_CREACION,USUARIO_MODIFICACION,FECHA_MODIFICACION) values (181,'COMO LA LUZ DE LA AURORA - ZONA 13',300,'TRES CIENTOS  QUETZALES CON 00/100','OFRENDA DE LA FIESTA MARZO 2019',5,26,'A','MFERNANDEZ',to_date('02/03/2019 10:44:45','DD/MM/RRRR HH24:MI:SS'),null,null);
Insert into MET01.MET01_RECIBO (RECIBO,NOMBRE,TOTAL,TOTAL_LETRAS,CONCEPTO,EVENTO,IGLESIA,ESTADO_REGISTRO,USUARIO_CREACION,FECHA_CREACION,USUARIO_MODIFICACION,FECHA_MODIFICACION) values (187,'ODRES NUEVOS - AMATITLAN',900,'NOVECIENTOS QUETZALES CON 00/100','OFRENDA DE LA FIESTA MARZO 2019',5,20,'A','MFERNANDEZ',to_date('02/03/2019 11:48:12','DD/MM/RRRR HH24:MI:SS'),null,null);
Insert into MET01.MET01_RECIBO (RECIBO,NOMBRE,TOTAL,TOTAL_LETRAS,CONCEPTO,EVENTO,IGLESIA,ESTADO_REGISTRO,USUARIO_CREACION,FECHA_CREACION,USUARIO_MODIFICACION,FECHA_MODIFICACION) values (188,'LA LIBERACION DEL ESPIRITU ZONA 7',160,'CIENTO SESENTA QUETZALES CON 00/100','OFRENDA DE LA FIESTA MARZO 2019',5,47,'A','MFERNANDEZ',to_date('02/03/2019 12:58:01','DD/MM/RRRR HH24:MI:SS'),null,null);
Insert into MET01.MET01_RECIBO (RECIBO,NOMBRE,TOTAL,TOTAL_LETRAS,CONCEPTO,EVENTO,IGLESIA,ESTADO_REGISTRO,USUARIO_CREACION,FECHA_CREACION,USUARIO_MODIFICACION,FECHA_MODIFICACION) values (189,'IGLESIA PALABRA MIEL A SU MAJESTAD',500,'QUINIENTOS QUETZALES CON 00/100','OFRENDA DE LA FIESTA MARZO 2019',5,68,'A','MFERNANDEZ',to_date('02/03/2019 13:08:14','DD/MM/RRRR HH24:MI:SS'),null,null);
Insert into MET01.MET01_RECIBO (RECIBO,NOMBRE,TOTAL,TOTAL_LETRAS,CONCEPTO,EVENTO,IGLESIA,ESTADO_REGISTRO,USUARIO_CREACION,FECHA_CREACION,USUARIO_MODIFICACION,FECHA_MODIFICACION) values (190,'LAS ROSAS - ZONA 6 DE MIXCO',550,'QUINIENTOS CINCUENTA QUETZALES CON 00/100','OFRENDA DE LA FIESTA MARZO 2019',5,13,'A','MFERNANDEZ',to_date('02/03/2019 13:39:49','DD/MM/RRRR HH24:MI:SS'),null,null);
Insert into MET01.MET01_RECIBO (RECIBO,NOMBRE,TOTAL,TOTAL_LETRAS,CONCEPTO,EVENTO,IGLESIA,ESTADO_REGISTRO,USUARIO_CREACION,FECHA_CREACION,USUARIO_MODIFICACION,FECHA_MODIFICACION) values (191,'PALABRA MIEL ADONAI ALDEA LAS DANTAS',350,'TRES CIENTOS  CINCUENTA QUETZALES CON 00/100','OFRENDA DE LA FIESTA MARZO 2019',5,78,'A','MFERNANDEZ',to_date('02/03/2019 13:46:57','DD/MM/RRRR HH24:MI:SS'),null,null);
Insert into MET01.MET01_RECIBO (RECIBO,NOMBRE,TOTAL,TOTAL_LETRAS,CONCEPTO,EVENTO,IGLESIA,ESTADO_REGISTRO,USUARIO_CREACION,FECHA_CREACION,USUARIO_MODIFICACION,FECHA_MODIFICACION) values (192,'CANAAN CHICHIMECAS VILLA CANALES',400,'CUATRO CIENTOS  QUETZALES CON 00/100','OFRENDA DE LA FIESTA MARZO 2019',5,30,'A','MFERNANDEZ',to_date('02/03/2019 13:48:29','DD/MM/RRRR HH24:MI:SS'),null,null);
Insert into MET01.MET01_RECIBO (RECIBO,NOMBRE,TOTAL,TOTAL_LETRAS,CONCEPTO,EVENTO,IGLESIA,ESTADO_REGISTRO,USUARIO_CREACION,FECHA_CREACION,USUARIO_MODIFICACION,FECHA_MODIFICACION) values (194,'SEÑOR Y REY PERONIA',600,'SEIS CIENTOS  QUETZALES CON 00/100','OFRENDA DE LA FIESTA MARZO 2019',5,11,'A','MFERNANDEZ',to_date('02/03/2019 13:59:04','DD/MM/RRRR HH24:MI:SS'),null,null);
Insert into MET01.MET01_RECIBO (RECIBO,NOMBRE,TOTAL,TOTAL_LETRAS,CONCEPTO,EVENTO,IGLESIA,ESTADO_REGISTRO,USUARIO_CREACION,FECHA_CREACION,USUARIO_MODIFICACION,FECHA_MODIFICACION) values (196,'LUGAR DE REPOSO - EL CARMEN',115,'CIENTO QUINCE QUETZALES CON 00/100','OFRENDA DE LA FIESTA MARZO 2019',5,29,'A','MFERNANDEZ',to_date('02/03/2019 14:18:17','DD/MM/RRRR HH24:MI:SS'),null,null);
Insert into MET01.MET01_RECIBO (RECIBO,NOMBRE,TOTAL,TOTAL_LETRAS,CONCEPTO,EVENTO,IGLESIA,ESTADO_REGISTRO,USUARIO_CREACION,FECHA_CREACION,USUARIO_MODIFICACION,FECHA_MODIFICACION) values (197,'EL PAJON - KM 18 SANTA CATARINA PINULA',1000,'MIL QUETZALES CON 00/100','OFRENDA DE LA FIESTA MARZO 2019',5,32,'A','MFERNANDEZ',to_date('02/03/2019 14:39:28','DD/MM/RRRR HH24:MI:SS'),null,null);
Insert into MET01.MET01_RECIBO (RECIBO,NOMBRE,TOTAL,TOTAL_LETRAS,CONCEPTO,EVENTO,IGLESIA,ESTADO_REGISTRO,USUARIO_CREACION,FECHA_CREACION,USUARIO_MODIFICACION,FECHA_MODIFICACION) values (198,'LA ROCA - GRANADOS BAJA VERAPAZ',200,'DOS CIENTOS  QUETZALES CON 00/100','OFRENDA DE LA FIESTA MARZO 2019',5,41,'A','MFERNANDEZ',to_date('02/03/2019 15:12:31','DD/MM/RRRR HH24:MI:SS'),null,null);
Insert into MET01.MET01_RECIBO (RECIBO,NOMBRE,TOTAL,TOTAL_LETRAS,CONCEPTO,EVENTO,IGLESIA,ESTADO_REGISTRO,USUARIO_CREACION,FECHA_CREACION,USUARIO_MODIFICACION,FECHA_MODIFICACION) values (199,'MAHANAIM EL CHOL BAJA VERAPAZ',400,'CUATRO CIENTOS  QUETZALES CON 00/100','OFRENDA DE LA FIESTA MARZO 2019',5,73,'A','MFERNANDEZ',to_date('02/03/2019 15:18:37','DD/MM/RRRR HH24:MI:SS'),null,null);
Insert into MET01.MET01_RECIBO (RECIBO,NOMBRE,TOTAL,TOTAL_LETRAS,CONCEPTO,EVENTO,IGLESIA,ESTADO_REGISTRO,USUARIO_CREACION,FECHA_CREACION,USUARIO_MODIFICACION,FECHA_MODIFICACION) values (200,'ADULAM SAN PEDRO SACATEPEQUEZ',620,'SEIS CIENTOS  VEINTE QUETZALES CON 00/100','OFRENDA DE LA FIESTA MARZO 2019',5,9,'A','MFERNANDEZ',to_date('02/03/2019 15:33:35','DD/MM/RRRR HH24:MI:SS'),null,null);
Insert into MET01.MET01_RECIBO (RECIBO,NOMBRE,TOTAL,TOTAL_LETRAS,CONCEPTO,EVENTO,IGLESIA,ESTADO_REGISTRO,USUARIO_CREACION,FECHA_CREACION,USUARIO_MODIFICACION,FECHA_MODIFICACION) values (201,'BELEN DE JUDA BARCENAS VILLA NUEVA',500,'QUINIENTOS QUETZALES CON 00/100','OFRENDA DE LA FIESTA MARZO 2019',5,22,'A','MFERNANDEZ',to_date('02/03/2019 15:37:51','DD/MM/RRRR HH24:MI:SS'),null,null);
Insert into MET01.MET01_RECIBO (RECIBO,NOMBRE,TOTAL,TOTAL_LETRAS,CONCEPTO,EVENTO,IGLESIA,ESTADO_REGISTRO,USUARIO_CREACION,FECHA_CREACION,USUARIO_MODIFICACION,FECHA_MODIFICACION) values (66,'RIOS DE AGUA VIVA - ZONA 1',1235,'MIL DOS CIENTOS  TREINTA Y CINCO  QUETZALES CON 00/100','OFRENDA DE LA FIESTA AGOSTO 2018',3,15,'A','JCATUN',to_date('25/08/2018 07:56:11','DD/MM/RRRR HH24:MI:SS'),null,null);
Insert into MET01.MET01_RECIBO (RECIBO,NOMBRE,TOTAL,TOTAL_LETRAS,CONCEPTO,EVENTO,IGLESIA,ESTADO_REGISTRO,USUARIO_CREACION,FECHA_CREACION,USUARIO_MODIFICACION,FECHA_MODIFICACION) values (108,'IGLESIA CRISTO VENDRA SAN CRISTOBAL',700,'SETECIENTOS QUETZALES CON 00/100','OFRENDA DE LA FIESTA NOVIEMBRE 2018',4,57,'A','MFERNANDEZ',to_date('03/11/2018 08:43:23','DD/MM/RRRR HH24:MI:SS'),null,null);
Insert into MET01.MET01_RECIBO (RECIBO,NOMBRE,TOTAL,TOTAL_LETRAS,CONCEPTO,EVENTO,IGLESIA,ESTADO_REGISTRO,USUARIO_CREACION,FECHA_CREACION,USUARIO_MODIFICACION,FECHA_MODIFICACION) values (109,'PACTO DE GRACIA SAN RAYMUNDO',750,'SETECIENTOS CINCUENTA QUETZALES CON 00/100','OFRENDA DE LA FIESTA NOVIEMBRE 2018',4,43,'A','MFERNANDEZ',to_date('03/11/2018 08:45:47','DD/MM/RRRR HH24:MI:SS'),null,null);
Insert into MET01.MET01_RECIBO (RECIBO,NOMBRE,TOTAL,TOTAL_LETRAS,CONCEPTO,EVENTO,IGLESIA,ESTADO_REGISTRO,USUARIO_CREACION,FECHA_CREACION,USUARIO_MODIFICACION,FECHA_MODIFICACION) values (111,'IGLESIA DIOS CON NOSOTROS ZONA 3 VILLA NUEVA',310,'TRES CIENTOS  DIEZ QUETZALES CON 00/100','OFRENDA DE LA FIESTA NOVIEMBRE 2018',4,59,'A','MFERNANDEZ',to_date('03/11/2018 08:50:59','DD/MM/RRRR HH24:MI:SS'),null,null);
Insert into MET01.MET01_RECIBO (RECIBO,NOMBRE,TOTAL,TOTAL_LETRAS,CONCEPTO,EVENTO,IGLESIA,ESTADO_REGISTRO,USUARIO_CREACION,FECHA_CREACION,USUARIO_MODIFICACION,FECHA_MODIFICACION) values (112,'OASIS ZONA 18',700,'SETECIENTOS QUETZALES CON 00/100','OFRENDA DE LA FIESTA NOVIEMBRE 2018',4,18,'A','MFERNANDEZ',to_date('03/11/2018 08:52:06','DD/MM/RRRR HH24:MI:SS'),null,null);
Insert into MET01.MET01_RECIBO (RECIBO,NOMBRE,TOTAL,TOTAL_LETRAS,CONCEPTO,EVENTO,IGLESIA,ESTADO_REGISTRO,USUARIO_CREACION,FECHA_CREACION,USUARIO_MODIFICACION,FECHA_MODIFICACION) values (113,'JEHOVA JIREH CHUARRANCHO CANTON CENTRAL',400,'CUATRO CIENTOS  QUETZALES CON 00/100','OFRENDA DE LA FIESTA NOVIEMBRE 2018',4,61,'A','MFERNANDEZ',to_date('03/11/2018 08:53:53','DD/MM/RRRR HH24:MI:SS'),null,null);
Insert into MET01.MET01_RECIBO (RECIBO,NOMBRE,TOTAL,TOTAL_LETRAS,CONCEPTO,EVENTO,IGLESIA,ESTADO_REGISTRO,USUARIO_CREACION,FECHA_CREACION,USUARIO_MODIFICACION,FECHA_MODIFICACION) values (114,'SOL DE JUSTICIA CAMPANERO ZONA 8 DE MIXCO',1000,'MIL QUETZALES CON 00/100','OFRENDA DE LA FIESTA NOVIEMBRE 2018',4,5,'A','MFERNANDEZ',to_date('03/11/2018 08:55:12','DD/MM/RRRR HH24:MI:SS'),null,null);
Insert into MET01.MET01_RECIBO (RECIBO,NOMBRE,TOTAL,TOTAL_LETRAS,CONCEPTO,EVENTO,IGLESIA,ESTADO_REGISTRO,USUARIO_CREACION,FECHA_CREACION,USUARIO_MODIFICACION,FECHA_MODIFICACION) values (120,'ESTANCIA GRANDE - SAN JUAN SACATEPEQUEZ',700,'SETECIENTOS QUETZALES CON 00/100','OFRENDA DE LA FIESTA NOVIEMBRE 2018',4,51,'A','MFERNANDEZ',to_date('03/11/2018 09:09:25','DD/MM/RRRR HH24:MI:SS'),null,null);
Insert into MET01.MET01_RECIBO (RECIBO,NOMBRE,TOTAL,TOTAL_LETRAS,CONCEPTO,EVENTO,IGLESIA,ESTADO_REGISTRO,USUARIO_CREACION,FECHA_CREACION,USUARIO_MODIFICACION,FECHA_MODIFICACION) values (123,'LUGAR DE REPOSO - EL CARMEN',500,'QUINIENTOS QUETZALES CON 00/100','OFRENDA DE LA FIESTA NOVIEMBRE 2018',4,29,'A','MFERNANDEZ',to_date('03/11/2018 09:24:29','DD/MM/RRRR HH24:MI:SS'),null,null);
Insert into MET01.MET01_RECIBO (RECIBO,NOMBRE,TOTAL,TOTAL_LETRAS,CONCEPTO,EVENTO,IGLESIA,ESTADO_REGISTRO,USUARIO_CREACION,FECHA_CREACION,USUARIO_MODIFICACION,FECHA_MODIFICACION) values (133,'TIEMPOS DE REFRIGERIO CATALINA VILLA NUEVA',2000,'DOS MIL QUETZALES CON 00/100','OFRENDA DE LA FIESTA NOVIEMBRE 2018',4,21,'A','MFERNANDEZ',to_date('03/11/2018 09:58:47','DD/MM/RRRR HH24:MI:SS'),null,null);
Insert into MET01.MET01_RECIBO (RECIBO,NOMBRE,TOTAL,TOTAL_LETRAS,CONCEPTO,EVENTO,IGLESIA,ESTADO_REGISTRO,USUARIO_CREACION,FECHA_CREACION,USUARIO_MODIFICACION,FECHA_MODIFICACION) values (159,'PALABRA MIEL ZONA 8',560,'QUINIENTOS SESENTA QUETZALES CON 00/100','OFRENDA DE LA FIESTA MARZO 2019',5,75,'A','MFERNANDEZ',to_date('02/03/2019 09:39:27','DD/MM/RRRR HH24:MI:SS'),null,null);
Insert into MET01.MET01_RECIBO (RECIBO,NOMBRE,TOTAL,TOTAL_LETRAS,CONCEPTO,EVENTO,IGLESIA,ESTADO_REGISTRO,USUARIO_CREACION,FECHA_CREACION,USUARIO_MODIFICACION,FECHA_MODIFICACION) values (169,'IGLESIA CRISTO VENDRA SAN CRISTOBAL',460,'CUATRO CIENTOS  SESENTA QUETZALES CON 00/100','OFRENDA DE LA FIESTA MARZO 2019',5,57,'A','MFERNANDEZ',to_date('02/03/2019 10:05:26','DD/MM/RRRR HH24:MI:SS'),null,null);
Insert into MET01.MET01_RECIBO (RECIBO,NOMBRE,TOTAL,TOTAL_LETRAS,CONCEPTO,EVENTO,IGLESIA,ESTADO_REGISTRO,USUARIO_CREACION,FECHA_CREACION,USUARIO_MODIFICACION,FECHA_MODIFICACION) values (177,'MONTE SION SAJCAVILLA SAN JUAN SACATEPEQUEZ',700,'SETECIENTOS QUETZALES CON 00/100','OFRENDA DE LA FIESTA MARZO 2019',5,6,'A','MFERNANDEZ',to_date('02/03/2019 10:32:20','DD/MM/RRRR HH24:MI:SS'),null,null);
Insert into MET01.MET01_RECIBO (RECIBO,NOMBRE,TOTAL,TOTAL_LETRAS,CONCEPTO,EVENTO,IGLESIA,ESTADO_REGISTRO,USUARIO_CREACION,FECHA_CREACION,USUARIO_MODIFICACION,FECHA_MODIFICACION) values (178,'FUENTE DE AGUA VIVA ZONA 17',500,'QUINIENTOS QUETZALES CON 00/100','OFRENDA DE LA FIESTA MARZO 2019',5,19,'A','MFERNANDEZ',to_date('02/03/2019 10:34:25','DD/MM/RRRR HH24:MI:SS'),null,null);
Insert into MET01.MET01_RECIBO (RECIBO,NOMBRE,TOTAL,TOTAL_LETRAS,CONCEPTO,EVENTO,IGLESIA,ESTADO_REGISTRO,USUARIO_CREACION,FECHA_CREACION,USUARIO_MODIFICACION,FECHA_MODIFICACION) values (202,'IGLESIA EMMANUEL ZONA 2',255,'DOS CIENTOS  CINCUENTA Y CINCO QUETZALES CON 00/100','OFRENDA DE LA FIESTA MARZO 2019',5,54,'A','MFERNANDEZ',to_date('02/03/2019 15:39:54','DD/MM/RRRR HH24:MI:SS'),null,null);
Insert into MET01.MET01_RECIBO (RECIBO,NOMBRE,TOTAL,TOTAL_LETRAS,CONCEPTO,EVENTO,IGLESIA,ESTADO_REGISTRO,USUARIO_CREACION,FECHA_CREACION,USUARIO_MODIFICACION,FECHA_MODIFICACION) values (203,'MAHANAIM LA FLORIDA ZONA 19',200,'DOS CIENTOS  QUETZALES CON 00/100','OFRENDA DE LA FIESTA MARZO 2019',5,74,'A','MFERNANDEZ',to_date('02/03/2019 15:46:32','DD/MM/RRRR HH24:MI:SS'),null,null);
Insert into MET01.MET01_RECIBO (RECIBO,NOMBRE,TOTAL,TOTAL_LETRAS,CONCEPTO,EVENTO,IGLESIA,ESTADO_REGISTRO,USUARIO_CREACION,FECHA_CREACION,USUARIO_MODIFICACION,FECHA_MODIFICACION) values (204,'PAN DEL CIELO EL BUCARO',400,'CUATRO CIENTOS  QUETZALES CON 00/100','OFRENDA DE LA FIESTA MARZO 2019',5,62,'A','MFERNANDEZ',to_date('02/03/2019 15:51:42','DD/MM/RRRR HH24:MI:SS'),null,null);
Insert into MET01.MET01_RECIBO (RECIBO,NOMBRE,TOTAL,TOTAL_LETRAS,CONCEPTO,EVENTO,IGLESIA,ESTADO_REGISTRO,USUARIO_CREACION,FECHA_CREACION,USUARIO_MODIFICACION,FECHA_MODIFICACION) values (205,'IGLESIA OFICINA CENTRAL',1406,'MIL CUATRO CIENTOS  SEIS QUETZALES CON 00/100','OFRENDA DE LA FIESTA MARZO 2019',5,52,'A','MFERNANDEZ',to_date('02/03/2019 15:58:32','DD/MM/RRRR HH24:MI:SS'),null,null);
Insert into MET01.MET01_RECIBO (RECIBO,NOMBRE,TOTAL,TOTAL_LETRAS,CONCEPTO,EVENTO,IGLESIA,ESTADO_REGISTRO,USUARIO_CREACION,FECHA_CREACION,USUARIO_MODIFICACION,FECHA_MODIFICACION) values (206,'REY DE GLORIA - LA BRIGADA',851,'OCHO CIENTOS  CINCUENTA Y UNO QUETZALES CON 00/100','OFRENDA DE LA FIESTA MARZO 2019',5,4,'A','MFERNANDEZ',to_date('02/03/2019 16:02:19','DD/MM/RRRR HH24:MI:SS'),null,null);
Insert into MET01.MET01_RECIBO (RECIBO,NOMBRE,TOTAL,TOTAL_LETRAS,CONCEPTO,EVENTO,IGLESIA,ESTADO_REGISTRO,USUARIO_CREACION,FECHA_CREACION,USUARIO_MODIFICACION,FECHA_MODIFICACION) values (207,'JEHOVA JIREH SAN JUAN SACATEPEQUEZ',200,'DOS CIENTOS  QUETZALES CON 00/100','OFRENDA DE LA FIESTA MARZO 2019',5,80,'A','MFERNANDEZ',to_date('02/03/2019 16:12:19','DD/MM/RRRR HH24:MI:SS'),null,null);
Insert into MET01.MET01_RECIBO (RECIBO,NOMBRE,TOTAL,TOTAL_LETRAS,CONCEPTO,EVENTO,IGLESIA,ESTADO_REGISTRO,USUARIO_CREACION,FECHA_CREACION,USUARIO_MODIFICACION,FECHA_MODIFICACION) values (208,'JEHOVA JIREH SAN JUAN SACATEPEQUEZ',200,'DOS CIENTOS  QUETZALES CON 00/100','OFRENDA DE LA FIESTA MARZO 2019',5,80,'A','MFERNANDEZ',to_date('02/03/2019 16:12:50','DD/MM/RRRR HH24:MI:SS'),null,null);
Insert into MET01.MET01_RECIBO (RECIBO,NOMBRE,TOTAL,TOTAL_LETRAS,CONCEPTO,EVENTO,IGLESIA,ESTADO_REGISTRO,USUARIO_CREACION,FECHA_CREACION,USUARIO_MODIFICACION,FECHA_MODIFICACION) values (211,'MONTE SANTO - FRAIJANES',200,'DOS CIENTOS  QUETZALES CON 00/100','OFRENDA DE LA FIESTA MARZO 2019',5,45,'A','MFERNANDEZ',to_date('02/03/2019 19:21:20','DD/MM/RRRR HH24:MI:SS'),null,null);
Insert into MET01.MET01_RECIBO (RECIBO,NOMBRE,TOTAL,TOTAL_LETRAS,CONCEPTO,EVENTO,IGLESIA,ESTADO_REGISTRO,USUARIO_CREACION,FECHA_CREACION,USUARIO_MODIFICACION,FECHA_MODIFICACION) values (212,'FRESCA UNCION CHUARRANCHO',200,'DOS CIENTOS  QUETZALES CON 00/100','OFRENDA DE LA FIESTA MAYO 2019',6,50,'A','MFERNANDEZ',to_date('11/05/2019 10:06:46','DD/MM/RRRR HH24:MI:SS'),null,null);
Insert into MET01.MET01_RECIBO (RECIBO,NOMBRE,TOTAL,TOTAL_LETRAS,CONCEPTO,EVENTO,IGLESIA,ESTADO_REGISTRO,USUARIO_CREACION,FECHA_CREACION,USUARIO_MODIFICACION,FECHA_MODIFICACION) values (213,'SUMPANGO - SACATEPEQUEZ',1000,'MIL QUETZALES CON 00/100','OFRENDA DE LA FIESTA MAYO 2019',6,39,'A','MFERNANDEZ',to_date('11/05/2019 10:09:08','DD/MM/RRRR HH24:MI:SS'),null,null);
Insert into MET01.MET01_RECIBO (RECIBO,NOMBRE,TOTAL,TOTAL_LETRAS,CONCEPTO,EVENTO,IGLESIA,ESTADO_REGISTRO,USUARIO_CREACION,FECHA_CREACION,USUARIO_MODIFICACION,FECHA_MODIFICACION) values (214,'ODRES NUEVOS - AMATITLAN',660,'SEIS CIENTOS  SESENTA QUETZALES CON 00/100','OFRENDA DE LA FIESTA MAYO 2019',6,20,'A','MFERNANDEZ',to_date('11/05/2019 10:11:09','DD/MM/RRRR HH24:MI:SS'),null,null);
Insert into MET01.MET01_RECIBO (RECIBO,NOMBRE,TOTAL,TOTAL_LETRAS,CONCEPTO,EVENTO,IGLESIA,ESTADO_REGISTRO,USUARIO_CREACION,FECHA_CREACION,USUARIO_MODIFICACION,FECHA_MODIFICACION) values (215,'BEREA ESTANCIA GRANDE - SAN JUAN SACATEPEQUEZ',800,'OCHO CIENTOS  QUETZALES CON 00/100','OFRENDA DE LA FIESTA MAYO 2019',6,51,'A','MFERNANDEZ',to_date('11/05/2019 10:13:49','DD/MM/RRRR HH24:MI:SS'),null,null);
Insert into MET01.MET01_RECIBO (RECIBO,NOMBRE,TOTAL,TOTAL_LETRAS,CONCEPTO,EVENTO,IGLESIA,ESTADO_REGISTRO,USUARIO_CREACION,FECHA_CREACION,USUARIO_MODIFICACION,FECHA_MODIFICACION) values (216,'SEÑOR Y REY PERONIA',600,'SEIS CIENTOS  QUETZALES CON 00/100','OFRENDA DE LA FIESTA MAYO 2019',6,11,'A','MFERNANDEZ',to_date('11/05/2019 10:15:17','DD/MM/RRRR HH24:MI:SS'),null,null);
Insert into MET01.MET01_RECIBO (RECIBO,NOMBRE,TOTAL,TOTAL_LETRAS,CONCEPTO,EVENTO,IGLESIA,ESTADO_REGISTRO,USUARIO_CREACION,FECHA_CREACION,USUARIO_MODIFICACION,FECHA_MODIFICACION) values (217,'IGLESIA OFICINA CENTRAL',5657,'CINCO MIL SEIS CIENTOS  CINCUENTA Y SIETE QUETZALES CON 00/100','OFRENDA DE LA FIESTA MAYO 2019',6,52,'A','MFERNANDEZ',to_date('11/05/2019 10:17:43','DD/MM/RRRR HH24:MI:SS'),null,null);
Insert into MET01.MET01_RECIBO (RECIBO,NOMBRE,TOTAL,TOTAL_LETRAS,CONCEPTO,EVENTO,IGLESIA,ESTADO_REGISTRO,USUARIO_CREACION,FECHA_CREACION,USUARIO_MODIFICACION,FECHA_MODIFICACION) values (218,'LA LIBERACION DEL ESPIRITU ZONA 7',303,'TRES CIENTOS  TRES QUETZALES CON 00/100','OFRENDA DE LA FIESTA MAYO 2019',6,47,'A','MFERNANDEZ',to_date('11/05/2019 10:19:59','DD/MM/RRRR HH24:MI:SS'),null,null);
Insert into MET01.MET01_RECIBO (RECIBO,NOMBRE,TOTAL,TOTAL_LETRAS,CONCEPTO,EVENTO,IGLESIA,ESTADO_REGISTRO,USUARIO_CREACION,FECHA_CREACION,USUARIO_MODIFICACION,FECHA_MODIFICACION) values (219,'LAS ROSAS - ZONA 6 DE MIXCO',560,'QUINIENTOS SESENTA QUETZALES CON 00/100','OFRENDA DE LA FIESTA MAYO 2019',6,13,'A','MFERNANDEZ',to_date('11/05/2019 10:21:21','DD/MM/RRRR HH24:MI:SS'),null,null);
Insert into MET01.MET01_RECIBO (RECIBO,NOMBRE,TOTAL,TOTAL_LETRAS,CONCEPTO,EVENTO,IGLESIA,ESTADO_REGISTRO,USUARIO_CREACION,FECHA_CREACION,USUARIO_MODIFICACION,FECHA_MODIFICACION) values (220,'REY DE GLORIA - LA BRIGADA',565,'QUINIENTOS SESENTA Y CINCO QUETZALES CON 00/100','OFRENDA DE LA FIESTA MAYO 2019',6,4,'A','MFERNANDEZ',to_date('11/05/2019 10:22:37','DD/MM/RRRR HH24:MI:SS'),null,null);
Insert into MET01.MET01_RECIBO (RECIBO,NOMBRE,TOTAL,TOTAL_LETRAS,CONCEPTO,EVENTO,IGLESIA,ESTADO_REGISTRO,USUARIO_CREACION,FECHA_CREACION,USUARIO_MODIFICACION,FECHA_MODIFICACION) values (221,'LA ROCA - GRANADOS BAJA VERAPAZ',200,'DOS CIENTOS  QUETZALES CON 00/100','OFRENDA DE LA FIESTA MAYO 2019',6,41,'A','MFERNANDEZ',to_date('11/05/2019 10:23:57','DD/MM/RRRR HH24:MI:SS'),null,null);
Insert into MET01.MET01_RECIBO (RECIBO,NOMBRE,TOTAL,TOTAL_LETRAS,CONCEPTO,EVENTO,IGLESIA,ESTADO_REGISTRO,USUARIO_CREACION,FECHA_CREACION,USUARIO_MODIFICACION,FECHA_MODIFICACION) values (222,'PUEBLO DE DIOS SAN ANTONIO LAS FLORES CHINAUTLA',305,'TRES CIENTOS  CINCO QUETZALES CON 00/100','OFRENDA DE LA FIESTA MAYO 2019',6,82,'A','MFERNANDEZ',to_date('11/05/2019 10:26:53','DD/MM/RRRR HH24:MI:SS'),null,null);
Insert into MET01.MET01_RECIBO (RECIBO,NOMBRE,TOTAL,TOTAL_LETRAS,CONCEPTO,EVENTO,IGLESIA,ESTADO_REGISTRO,USUARIO_CREACION,FECHA_CREACION,USUARIO_MODIFICACION,FECHA_MODIFICACION) values (226,'FUENTE DE MISERICORDIA SAN JUAN SACATEPEQUEZ',400,'CUATRO CIENTOS  QUETZALES CON 00/100','OFRENDA DE LA FIESTA MAYO 2019',6,12,'A','MFERNANDEZ',to_date('11/05/2019 10:32:40','DD/MM/RRRR HH24:MI:SS'),null,null);
Insert into MET01.MET01_RECIBO (RECIBO,NOMBRE,TOTAL,TOTAL_LETRAS,CONCEPTO,EVENTO,IGLESIA,ESTADO_REGISTRO,USUARIO_CREACION,FECHA_CREACION,USUARIO_MODIFICACION,FECHA_MODIFICACION) values (227,'MONTE SION SAJCAVILLA SAN JUAN SACATEPEQUEZ',1000,'MIL QUETZALES CON 00/100','OFRENDA DE LA FIESTA MAYO 2019',6,6,'A','MFERNANDEZ',to_date('11/05/2019 10:33:28','DD/MM/RRRR HH24:MI:SS'),null,null);
Insert into MET01.MET01_RECIBO (RECIBO,NOMBRE,TOTAL,TOTAL_LETRAS,CONCEPTO,EVENTO,IGLESIA,ESTADO_REGISTRO,USUARIO_CREACION,FECHA_CREACION,USUARIO_MODIFICACION,FECHA_MODIFICACION) values (228,'RIOS DE AGUA VIVA - ZONA 1',590,'QUINIENTOS NOVENTA QUETZALES CON 00/100','OFRENDA DE LA FIESTA MAYO 2019',6,15,'A','MFERNANDEZ',to_date('11/05/2019 10:35:14','DD/MM/RRRR HH24:MI:SS'),null,null);
Insert into MET01.MET01_RECIBO (RECIBO,NOMBRE,TOTAL,TOTAL_LETRAS,CONCEPTO,EVENTO,IGLESIA,ESTADO_REGISTRO,USUARIO_CREACION,FECHA_CREACION,USUARIO_MODIFICACION,FECHA_MODIFICACION) values (230,'IGLESIA DE CRISTO LA PROMESA ZONA 14',1000,'MIL QUETZALES CON 00/100','OFRENDA DE LA FIESTA MAYO 2019',6,28,'A','MFERNANDEZ',to_date('11/05/2019 10:38:24','DD/MM/RRRR HH24:MI:SS'),null,null);
Insert into MET01.MET01_RECIBO (RECIBO,NOMBRE,TOTAL,TOTAL_LETRAS,CONCEPTO,EVENTO,IGLESIA,ESTADO_REGISTRO,USUARIO_CREACION,FECHA_CREACION,USUARIO_MODIFICACION,FECHA_MODIFICACION) values (231,'LA VID VERDADERA SANTO TOMAS MILPAS ALTAS',369,'TRES CIENTOS  SESENTA Y NUEVE QUETZALES CON 00/100','OFRENDA DE LA FIESTA MAYO 2019',6,70,'A','MFERNANDEZ',to_date('11/05/2019 10:40:42','DD/MM/RRRR HH24:MI:SS'),null,null);
Insert into MET01.MET01_RECIBO (RECIBO,NOMBRE,TOTAL,TOTAL_LETRAS,CONCEPTO,EVENTO,IGLESIA,ESTADO_REGISTRO,USUARIO_CREACION,FECHA_CREACION,USUARIO_MODIFICACION,FECHA_MODIFICACION) values (232,'LUZ DEL MUNDO BOCA DEL MONTE VILLA CANALES',500,'QUINIENTOS QUETZALES CON 00/100','OFRENDA DE LA FIESTA MAYO 2019',6,72,'A','MFERNANDEZ',to_date('11/05/2019 10:42:20','DD/MM/RRRR HH24:MI:SS'),null,null);
Insert into MET01.MET01_RECIBO (RECIBO,NOMBRE,TOTAL,TOTAL_LETRAS,CONCEPTO,EVENTO,IGLESIA,ESTADO_REGISTRO,USUARIO_CREACION,FECHA_CREACION,USUARIO_MODIFICACION,FECHA_MODIFICACION) values (233,'IGLESIA CRISTO VENDRA SAN CRISTOBAL',521,'QUINIENTOS VEINTIUNO QUETZALES CON 00/100','OFRENDA DE LA FIESTA MAYO 2019',6,57,'A','MFERNANDEZ',to_date('11/05/2019 10:43:37','DD/MM/RRRR HH24:MI:SS'),null,null);
Insert into MET01.MET01_RECIBO (RECIBO,NOMBRE,TOTAL,TOTAL_LETRAS,CONCEPTO,EVENTO,IGLESIA,ESTADO_REGISTRO,USUARIO_CREACION,FECHA_CREACION,USUARIO_MODIFICACION,FECHA_MODIFICACION) values (234,'CASA DE ADORACION SAN LUCAS SACATEPEQUEZ',400,'CUATRO CIENTOS  QUETZALES CON 00/100','OFRENDA DE LA FIESTA MAYO 2019',6,38,'A','MFERNANDEZ',to_date('11/05/2019 10:45:18','DD/MM/RRRR HH24:MI:SS'),null,null);
Insert into MET01.MET01_RECIBO (RECIBO,NOMBRE,TOTAL,TOTAL_LETRAS,CONCEPTO,EVENTO,IGLESIA,ESTADO_REGISTRO,USUARIO_CREACION,FECHA_CREACION,USUARIO_MODIFICACION,FECHA_MODIFICACION) values (235,'SANTA ROSA - SAN JUAN SACATEPEQUEZ',300,'TRES CIENTOS  QUETZALES CON 00/100','OFRENDA DE LA FIESTA MAYO 2019',6,44,'A','MFERNANDEZ',to_date('11/05/2019 10:46:48','DD/MM/RRRR HH24:MI:SS'),null,null);
Insert into MET01.MET01_RECIBO (RECIBO,NOMBRE,TOTAL,TOTAL_LETRAS,CONCEPTO,EVENTO,IGLESIA,ESTADO_REGISTRO,USUARIO_CREACION,FECHA_CREACION,USUARIO_MODIFICACION,FECHA_MODIFICACION) values (236,'PRIMERO DE JULIO EL VERBO DE DIOS ZONA 5 MIXCO',545,'QUINIENTOS CUARENTA Y CINCO QUETZALES CON 00/100','OFRENDA DE LA FIESTA MAYO 2019',6,7,'A','MFERNANDEZ',to_date('11/05/2019 10:48:42','DD/MM/RRRR HH24:MI:SS'),null,null);
Insert into MET01.MET01_RECIBO (RECIBO,NOMBRE,TOTAL,TOTAL_LETRAS,CONCEPTO,EVENTO,IGLESIA,ESTADO_REGISTRO,USUARIO_CREACION,FECHA_CREACION,USUARIO_MODIFICACION,FECHA_MODIFICACION) values (237,'LUGAR DE DESCANSO (UXLANIK) - SANTIAGO SACATEPEQUEZ',645,'SEIS CIENTOS  CUARENTA Y CINCO QUETZALES CON 00/100','OFRENDA DE LA FIESTA MAYO 2019',6,35,'A','MFERNANDEZ',to_date('11/05/2019 10:50:36','DD/MM/RRRR HH24:MI:SS'),null,null);
Insert into MET01.MET01_RECIBO (RECIBO,NOMBRE,TOTAL,TOTAL_LETRAS,CONCEPTO,EVENTO,IGLESIA,ESTADO_REGISTRO,USUARIO_CREACION,FECHA_CREACION,USUARIO_MODIFICACION,FECHA_MODIFICACION) values (238,'SANTA INES PINULA KM 20 SAN JOSE PINULA',150,'CIENTO CINCUENTA QUETZALES CON 00/100','OFRENDA DE LA FIESTA MAYO 2019',6,46,'A','MFERNANDEZ',to_date('11/05/2019 10:51:47','DD/MM/RRRR HH24:MI:SS'),null,null);
Insert into MET01.MET01_RECIBO (RECIBO,NOMBRE,TOTAL,TOTAL_LETRAS,CONCEPTO,EVENTO,IGLESIA,ESTADO_REGISTRO,USUARIO_CREACION,FECHA_CREACION,USUARIO_MODIFICACION,FECHA_MODIFICACION) values (239,'SOL DE JUSTICIA CAMPANERO ZONA 8 DE MIXCO',1000,'MIL QUETZALES CON 00/100','OFRENDA DE LA FIESTA MAYO 2019',6,5,'A','MFERNANDEZ',to_date('11/05/2019 10:53:02','DD/MM/RRRR HH24:MI:SS'),null,null);
Insert into MET01.MET01_RECIBO (RECIBO,NOMBRE,TOTAL,TOTAL_LETRAS,CONCEPTO,EVENTO,IGLESIA,ESTADO_REGISTRO,USUARIO_CREACION,FECHA_CREACION,USUARIO_MODIFICACION,FECHA_MODIFICACION) values (240,'IGLESIA PALABRA MIEL A SU MAJESTAD',500,'QUINIENTOS QUETZALES CON 00/100','OFRENDA DE LA FIESTA MAYO 2019',6,68,'A','MFERNANDEZ',to_date('11/05/2019 10:54:22','DD/MM/RRRR HH24:MI:SS'),null,null);
Insert into MET01.MET01_RECIBO (RECIBO,NOMBRE,TOTAL,TOTAL_LETRAS,CONCEPTO,EVENTO,IGLESIA,ESTADO_REGISTRO,USUARIO_CREACION,FECHA_CREACION,USUARIO_MODIFICACION,FECHA_MODIFICACION) values (244,'IGLESIA DIOS CON NOSOTROS ZONA 3 VILLA NUEVA',425,'CUATRO CIENTOS  VEINTICINCO QUETZALES CON 00/100','OFRENDA DE LA FIESTA MAYO 2019',6,59,'A','MFERNANDEZ',to_date('11/05/2019 11:00:28','DD/MM/RRRR HH24:MI:SS'),null,null);
Insert into MET01.MET01_RECIBO (RECIBO,NOMBRE,TOTAL,TOTAL_LETRAS,CONCEPTO,EVENTO,IGLESIA,ESTADO_REGISTRO,USUARIO_CREACION,FECHA_CREACION,USUARIO_MODIFICACION,FECHA_MODIFICACION) values (245,'IGLESIA EMMANUEL ZONA 2',160,'CIENTO SESENTA QUETZALES CON 00/100','OFRENDA DE LA FIESTA MAYO 2019',6,54,'A','MFERNANDEZ',to_date('11/05/2019 11:02:49','DD/MM/RRRR HH24:MI:SS'),null,null);
Insert into MET01.MET01_RECIBO (RECIBO,NOMBRE,TOTAL,TOTAL_LETRAS,CONCEPTO,EVENTO,IGLESIA,ESTADO_REGISTRO,USUARIO_CREACION,FECHA_CREACION,USUARIO_MODIFICACION,FECHA_MODIFICACION) values (248,'LO DE RAMOS SAN JUAN SACATEPEQUEZ',200,'DOS CIENTOS  QUETZALES CON 00/100','OFRENDA DE LA FIESTA MAYO 2019',6,83,'A','MFERNANDEZ',to_date('11/05/2019 11:10:14','DD/MM/RRRR HH24:MI:SS'),null,null);
Insert into MET01.MET01_RECIBO (RECIBO,NOMBRE,TOTAL,TOTAL_LETRAS,CONCEPTO,EVENTO,IGLESIA,ESTADO_REGISTRO,USUARIO_CREACION,FECHA_CREACION,USUARIO_MODIFICACION,FECHA_MODIFICACION) values (2,'GETSEMANI - SAN MATEO MILPAS ALTAS LA ANTIGUA',1000,'MIL  QUETZALES CON 00/100','OFRENDA DE LA FIESTA ABRIL 2018',1,36,'A','ERYOL',to_date('28/04/2018 08:03:54','DD/MM/RRRR HH24:MI:SS'),null,null);
Insert into MET01.MET01_RECIBO (RECIBO,NOMBRE,TOTAL,TOTAL_LETRAS,CONCEPTO,EVENTO,IGLESIA,ESTADO_REGISTRO,USUARIO_CREACION,FECHA_CREACION,USUARIO_MODIFICACION,FECHA_MODIFICACION) values (1,'TIEMPOS DE REFRIGERIO CATALINA VILLA NUEVA',1000,'MIL  QUETZALES CON 00/100','OFRENDA DE LA FIESTA ABRIL 2018',1,21,'A','ERYOL',to_date('28/04/2018 07:48:20','DD/MM/RRRR HH24:MI:SS'),null,null);
Insert into MET01.MET01_RECIBO (RECIBO,NOMBRE,TOTAL,TOTAL_LETRAS,CONCEPTO,EVENTO,IGLESIA,ESTADO_REGISTRO,USUARIO_CREACION,FECHA_CREACION,USUARIO_MODIFICACION,FECHA_MODIFICACION) values (3,'IGLESIA PALABRA MIEL EL ARCA SAN JUAN SACATEPEQUEZ',825,'OCHO CIENTOS  VEINTICINCO  QUETZALES CON 00/100','OFRENDA DE LA FIESTA ABRIL 2018',1,3,'A','ERYOL',to_date('28/04/2018 08:08:00','DD/MM/RRRR HH24:MI:SS'),null,null);
Insert into MET01.MET01_RECIBO (RECIBO,NOMBRE,TOTAL,TOTAL_LETRAS,CONCEPTO,EVENTO,IGLESIA,ESTADO_REGISTRO,USUARIO_CREACION,FECHA_CREACION,USUARIO_MODIFICACION,FECHA_MODIFICACION) values (63,'IGLESIA OFICINA CENTRAL',1610,'MIL SEIS CIENTOS  DIEZ  QUETZALES CON 00/100','OFRENDA DE LA FIESTA JUNIO 2018',2,52,'A','ERYOL',to_date('30/06/2018 17:39:41','DD/MM/RRRR HH24:MI:SS'),null,null);
Insert into MET01.MET01_RECIBO (RECIBO,NOMBRE,TOTAL,TOTAL_LETRAS,CONCEPTO,EVENTO,IGLESIA,ESTADO_REGISTRO,USUARIO_CREACION,FECHA_CREACION,USUARIO_MODIFICACION,FECHA_MODIFICACION) values (64,'METROPOLITANA Y SACATEPEQUEZ',860,'OCHO CIENTOS  SESENTA  QUETZALES CON 00/100','OFRENDA DE LA FIESTA JUNIO 2018',2,60,'A','ERYOL',to_date('30/06/2018 17:44:36','DD/MM/RRRR HH24:MI:SS'),null,null);
Insert into MET01.MET01_RECIBO (RECIBO,NOMBRE,TOTAL,TOTAL_LETRAS,CONCEPTO,EVENTO,IGLESIA,ESTADO_REGISTRO,USUARIO_CREACION,FECHA_CREACION,USUARIO_MODIFICACION,FECHA_MODIFICACION) values (67,'CRISTO SIEMPRE VICTORIOSO SAN FRANCISCO LAS LOMAS SAN JUAN SACATEPEQUEZ',500,'QUINIENTOS  QUETZALES CON 00/100','OFRENDA DE LA FIESTA JUNIO 2018',3,42,'A','JCATUN',to_date('25/08/2018 08:11:37','DD/MM/RRRR HH24:MI:SS'),null,null);
Insert into MET01.MET01_RECIBO (RECIBO,NOMBRE,TOTAL,TOTAL_LETRAS,CONCEPTO,EVENTO,IGLESIA,ESTADO_REGISTRO,USUARIO_CREACION,FECHA_CREACION,USUARIO_MODIFICACION,FECHA_MODIFICACION) values (68,'IGLESIA DE CRISTO LA PROMESA ZONA 14',1000,'MIL  QUETZALES CON 00/100','OFRENDA DE LA FIESTA JUNIO 2018',3,28,'A','JCATUN',to_date('25/08/2018 08:13:37','DD/MM/RRRR HH24:MI:SS'),null,null);
Insert into MET01.MET01_RECIBO (RECIBO,NOMBRE,TOTAL,TOTAL_LETRAS,CONCEPTO,EVENTO,IGLESIA,ESTADO_REGISTRO,USUARIO_CREACION,FECHA_CREACION,USUARIO_MODIFICACION,FECHA_MODIFICACION) values (69,'COLINAS FUENTES DE AGUA VIVA',1000,'MIL  QUETZALES CON 00/100','OFRENDA DE LA FIESTA AGOSTO 2018',3,10,'A','JCATUN',to_date('25/08/2018 08:15:20','DD/MM/RRRR HH24:MI:SS'),null,null);
Insert into MET01.MET01_RECIBO (RECIBO,NOMBRE,TOTAL,TOTAL_LETRAS,CONCEPTO,EVENTO,IGLESIA,ESTADO_REGISTRO,USUARIO_CREACION,FECHA_CREACION,USUARIO_MODIFICACION,FECHA_MODIFICACION) values (70,'SANTA INES PINULA KM 20 SAN JOSE PINULA',300,'TRES CIENTOS   QUETZALES CON 00/100','OFRENDA DE LA FIESTA AGOSTO 2018',3,46,'A','JCATUN',to_date('25/08/2018 08:17:43','DD/MM/RRRR HH24:MI:SS'),null,null);
Insert into MET01.MET01_RECIBO (RECIBO,NOMBRE,TOTAL,TOTAL_LETRAS,CONCEPTO,EVENTO,IGLESIA,ESTADO_REGISTRO,USUARIO_CREACION,FECHA_CREACION,USUARIO_MODIFICACION,FECHA_MODIFICACION) values (71,'LUGAR DE REPOSO - EL CARMEN',500,'QUINIENTOS  QUETZALES CON 00/100','OFRENDA DE LA FIESTA JUNIO 2018',3,29,'A','JCATUN',to_date('25/08/2018 08:19:17','DD/MM/RRRR HH24:MI:SS'),null,null);
Insert into MET01.MET01_RECIBO (RECIBO,NOMBRE,TOTAL,TOTAL_LETRAS,CONCEPTO,EVENTO,IGLESIA,ESTADO_REGISTRO,USUARIO_CREACION,FECHA_CREACION,USUARIO_MODIFICACION,FECHA_MODIFICACION) values (72,'LUGAR DE DESCANSO (UXLANIK) - SANTIAGO SACATEPEQUEZ',590,'QUINIENTOS NOVENTA  QUETZALES CON 00/100','OFRENDA DE LA FIESTA AGOSTO 2018',3,35,'A','JCATUN',to_date('25/08/2018 08:21:54','DD/MM/RRRR HH24:MI:SS'),null,null);
Insert into MET01.MET01_RECIBO (RECIBO,NOMBRE,TOTAL,TOTAL_LETRAS,CONCEPTO,EVENTO,IGLESIA,ESTADO_REGISTRO,USUARIO_CREACION,FECHA_CREACION,USUARIO_MODIFICACION,FECHA_MODIFICACION) values (73,'FUENTE DE AGUA VIVA ZONA 17',1000,'MIL  QUETZALES CON 00/100','OFRENDA DE LA FIESTA AGOSTO 2018',3,19,'A','JCATUN',to_date('25/08/2018 08:28:52','DD/MM/RRRR HH24:MI:SS'),null,null);
Insert into MET01.MET01_RECIBO (RECIBO,NOMBRE,TOTAL,TOTAL_LETRAS,CONCEPTO,EVENTO,IGLESIA,ESTADO_REGISTRO,USUARIO_CREACION,FECHA_CREACION,USUARIO_MODIFICACION,FECHA_MODIFICACION) values (74,'SEÑOR Y REY PERONIA',800,'OCHO CIENTOS   QUETZALES CON 00/100','OFRENDA DE LA FIESTA AGOSTO 2018',3,11,'A','JCATUN',to_date('25/08/2018 09:08:39','DD/MM/RRRR HH24:MI:SS'),null,null);
Insert into MET01.MET01_RECIBO (RECIBO,NOMBRE,TOTAL,TOTAL_LETRAS,CONCEPTO,EVENTO,IGLESIA,ESTADO_REGISTRO,USUARIO_CREACION,FECHA_CREACION,USUARIO_MODIFICACION,FECHA_MODIFICACION) values (75,'MONTE SION SAJCAVILLA SAN JUAN SACATEPEQUEZ',1000,'MIL  QUETZALES CON 00/100','OFRENDA DE LA FIESTA AGOSTO 2018',3,6,'A','JCATUN',to_date('25/08/2018 09:11:39','DD/MM/RRRR HH24:MI:SS'),null,null);
Insert into MET01.MET01_RECIBO (RECIBO,NOMBRE,TOTAL,TOTAL_LETRAS,CONCEPTO,EVENTO,IGLESIA,ESTADO_REGISTRO,USUARIO_CREACION,FECHA_CREACION,USUARIO_MODIFICACION,FECHA_MODIFICACION) values (76,'SOL DE JUSTICIA CAMPANERO ZONA 8 DE MIXCO',300,'TRES CIENTOS   QUETZALES CON 00/100','OFRENDA DE LA FIESTA AGOSTO 2018',3,5,'A','JCATUN',to_date('25/08/2018 09:13:40','DD/MM/RRRR HH24:MI:SS'),null,null);
Insert into MET01.MET01_RECIBO (RECIBO,NOMBRE,TOTAL,TOTAL_LETRAS,CONCEPTO,EVENTO,IGLESIA,ESTADO_REGISTRO,USUARIO_CREACION,FECHA_CREACION,USUARIO_MODIFICACION,FECHA_MODIFICACION) values (77,'PACTO DE GRACIA SAN RAYMUNDO',900,'NOVECIENTOS  QUETZALES CON 00/100','OFRENDA DE LA FIESTA AGOSTO 2018',3,43,'A','JCATUN',to_date('25/08/2018 09:15:50','DD/MM/RRRR HH24:MI:SS'),null,null);
Insert into MET01.MET01_RECIBO (RECIBO,NOMBRE,TOTAL,TOTAL_LETRAS,CONCEPTO,EVENTO,IGLESIA,ESTADO_REGISTRO,USUARIO_CREACION,FECHA_CREACION,USUARIO_MODIFICACION,FECHA_MODIFICACION) values (78,'JEHOVA JIREH CHUARRANCHO CANTON CENTRAL',500,'QUINIENTOS  QUETZALES CON 00/100','OFRENDA DE LA FIESTA AGOSTO 2018',3,61,'A','JCATUN',to_date('25/08/2018 09:17:36','DD/MM/RRRR HH24:MI:SS'),null,null);
Insert into MET01.MET01_RECIBO (RECIBO,NOMBRE,TOTAL,TOTAL_LETRAS,CONCEPTO,EVENTO,IGLESIA,ESTADO_REGISTRO,USUARIO_CREACION,FECHA_CREACION,USUARIO_MODIFICACION,FECHA_MODIFICACION) values (79,'JESUS REY DE REYES MIXCO',1000,'MIL  QUETZALES CON 00/100','OFRENDA DE LA FIESTA AGOSTO 2018',3,49,'A','JCATUN',to_date('25/08/2018 09:19:10','DD/MM/RRRR HH24:MI:SS'),null,null);
Insert into MET01.MET01_RECIBO (RECIBO,NOMBRE,TOTAL,TOTAL_LETRAS,CONCEPTO,EVENTO,IGLESIA,ESTADO_REGISTRO,USUARIO_CREACION,FECHA_CREACION,USUARIO_MODIFICACION,FECHA_MODIFICACION) values (80,'SOL DE JUSTICIA CAMPANERO ZONA 8 DE MIXCO',500,'QUINIENTOS  QUETZALES CON 00/100','OFRENDA DE LA FIESTA AGOSTO 2018',3,5,'A','JCATUN',to_date('25/08/2018 09:21:03','DD/MM/RRRR HH24:MI:SS'),null,null);
Insert into MET01.MET01_RECIBO (RECIBO,NOMBRE,TOTAL,TOTAL_LETRAS,CONCEPTO,EVENTO,IGLESIA,ESTADO_REGISTRO,USUARIO_CREACION,FECHA_CREACION,USUARIO_MODIFICACION,FECHA_MODIFICACION) values (81,'CANTICO NUEVO VILLA CANALES',340,'TRES CIENTOS  CUARENTA  QUETZALES CON 00/100','OFRENDA DE LA FIESTA AGOSTO 2018',3,31,'A','JCATUN',to_date('25/08/2018 09:22:23','DD/MM/RRRR HH24:MI:SS'),null,null);
Insert into MET01.MET01_RECIBO (RECIBO,NOMBRE,TOTAL,TOTAL_LETRAS,CONCEPTO,EVENTO,IGLESIA,ESTADO_REGISTRO,USUARIO_CREACION,FECHA_CREACION,USUARIO_MODIFICACION,FECHA_MODIFICACION) values (82,'REMANENTE ZONA 6',365,'TRES CIENTOS  SESENTA Y CINCO  QUETZALES CON 00/100','OFRENDA DE LA FIESTA AGOSTO 2018',3,16,'A','JCATUN',to_date('25/08/2018 09:24:58','DD/MM/RRRR HH24:MI:SS'),null,null);
Insert into MET01.MET01_RECIBO (RECIBO,NOMBRE,TOTAL,TOTAL_LETRAS,CONCEPTO,EVENTO,IGLESIA,ESTADO_REGISTRO,USUARIO_CREACION,FECHA_CREACION,USUARIO_MODIFICACION,FECHA_MODIFICACION) values (83,'IGLESIA CRISTO VENDRA SAN CRISTOBAL',1150,'MIL CIENTO CINCUENTA  QUETZALES CON 00/100','OFRENDA DE LA FIESTA JUNIO 2018',3,57,'A','JCATUN',to_date('25/08/2018 09:32:23','DD/MM/RRRR HH24:MI:SS'),null,null);
Insert into MET01.MET01_RECIBO (RECIBO,NOMBRE,TOTAL,TOTAL_LETRAS,CONCEPTO,EVENTO,IGLESIA,ESTADO_REGISTRO,USUARIO_CREACION,FECHA_CREACION,USUARIO_MODIFICACION,FECHA_MODIFICACION) values (84,'FUENTE DE GRACIA ZONA 9',1500,'MIL QUINIENTOS  QUETZALES CON 00/100','OFRENDA DE LA FIESTA  AGOSTO 2018',3,17,'A','JCATUN',to_date('25/08/2018 09:35:02','DD/MM/RRRR HH24:MI:SS'),null,null);
Insert into MET01.MET01_RECIBO (RECIBO,NOMBRE,TOTAL,TOTAL_LETRAS,CONCEPTO,EVENTO,IGLESIA,ESTADO_REGISTRO,USUARIO_CREACION,FECHA_CREACION,USUARIO_MODIFICACION,FECHA_MODIFICACION) values (85,'CASA DE ADORACION SAN LUCAS SACATEPEQUEZ',400,'CUATRO CIENTOS   QUETZALES CON 00/100','OFRENDA DE LA FIESTA AGOSTO 2018',3,38,'A','JCATUN',to_date('25/08/2018 09:41:39','DD/MM/RRRR HH24:MI:SS'),null,null);
Insert into MET01.MET01_RECIBO (RECIBO,NOMBRE,TOTAL,TOTAL_LETRAS,CONCEPTO,EVENTO,IGLESIA,ESTADO_REGISTRO,USUARIO_CREACION,FECHA_CREACION,USUARIO_MODIFICACION,FECHA_MODIFICACION) values (86,'ODRES NUEVOS - AMATITLAN',405,'CUATRO CIENTOS  CINCO  QUETZALES CON 00/100','OFRENDA DE LA FIESTA JUNIO 2018',3,20,'A','JCATUN',to_date('25/08/2018 09:43:26','DD/MM/RRRR HH24:MI:SS'),null,null);
Insert into MET01.MET01_RECIBO (RECIBO,NOMBRE,TOTAL,TOTAL_LETRAS,CONCEPTO,EVENTO,IGLESIA,ESTADO_REGISTRO,USUARIO_CREACION,FECHA_CREACION,USUARIO_MODIFICACION,FECHA_MODIFICACION) values (87,'ADULAM SAN PEDRO SACATEPEQUEZ',1000,'MIL  QUETZALES CON 00/100','OFRENDA DE LA FIESTA AGOSTO 2018',3,9,'A','JCATUN',to_date('25/08/2018 10:04:46','DD/MM/RRRR HH24:MI:SS'),null,null);
Insert into MET01.MET01_RECIBO (RECIBO,NOMBRE,TOTAL,TOTAL_LETRAS,CONCEPTO,EVENTO,IGLESIA,ESTADO_REGISTRO,USUARIO_CREACION,FECHA_CREACION,USUARIO_MODIFICACION,FECHA_MODIFICACION) values (88,'PRIMERO DE JULIO EL VERBO DE DIOS ZONA 5 MIXCO',270,'DOS CIENTOS  SETENTA  QUETZALES CON 00/100','OFRENDA DE LA FIESTA AGOSTO 2018',3,7,'A','JCATUN',to_date('25/08/2018 10:08:38','DD/MM/RRRR HH24:MI:SS'),null,null);
Insert into MET01.MET01_RECIBO (RECIBO,NOMBRE,TOTAL,TOTAL_LETRAS,CONCEPTO,EVENTO,IGLESIA,ESTADO_REGISTRO,USUARIO_CREACION,FECHA_CREACION,USUARIO_MODIFICACION,FECHA_MODIFICACION) values (89,'ESTANCIA GRANDE - SAN JUAN SACATEPEQUEZ',500,'QUINIENTOS  QUETZALES CON 00/100','OFRENDA DE LA FIESTA AGOSTO 2018',3,51,'A','JCATUN',to_date('25/08/2018 10:11:04','DD/MM/RRRR HH24:MI:SS'),null,null);
Insert into MET01.MET01_RECIBO (RECIBO,NOMBRE,TOTAL,TOTAL_LETRAS,CONCEPTO,EVENTO,IGLESIA,ESTADO_REGISTRO,USUARIO_CREACION,FECHA_CREACION,USUARIO_MODIFICACION,FECHA_MODIFICACION) values (90,'REY DE GLORIA - LA BRIGADA',500,'QUINIENTOS  QUETZALES CON 00/100','OFRENDA DE LA FIESTA AGOSTO 2018',3,4,'A','JCATUN',to_date('25/08/2018 10:31:29','DD/MM/RRRR HH24:MI:SS'),null,null);
Insert into MET01.MET01_RECIBO (RECIBO,NOMBRE,TOTAL,TOTAL_LETRAS,CONCEPTO,EVENTO,IGLESIA,ESTADO_REGISTRO,USUARIO_CREACION,FECHA_CREACION,USUARIO_MODIFICACION,FECHA_MODIFICACION) values (91,'IGLESIA DIOS CON NOSOTROS ZONA 3 VILLA NUEVA',250,'DOS CIENTOS  CINCUENTA  QUETZALES CON 00/100','OFRENDA DE LA FIESTA AGOSTO 2018',3,59,'A','JCATUN',to_date('25/08/2018 10:39:02','DD/MM/RRRR HH24:MI:SS'),null,null);
Insert into MET01.MET01_RECIBO (RECIBO,NOMBRE,TOTAL,TOTAL_LETRAS,CONCEPTO,EVENTO,IGLESIA,ESTADO_REGISTRO,USUARIO_CREACION,FECHA_CREACION,USUARIO_MODIFICACION,FECHA_MODIFICACION) values (92,'TIEMPOS DE REFIGERIO CATALINA VILLA NUEVA',1000,'MIL  QUETZALES CON 00/100','OFRENDA DE LA FIESTA AGOSTO 2018',3,21,'A','JCATUN',to_date('25/08/2018 10:40:39','DD/MM/RRRR HH24:MI:SS'),null,null);
Insert into MET01.MET01_RECIBO (RECIBO,NOMBRE,TOTAL,TOTAL_LETRAS,CONCEPTO,EVENTO,IGLESIA,ESTADO_REGISTRO,USUARIO_CREACION,FECHA_CREACION,USUARIO_MODIFICACION,FECHA_MODIFICACION) values (93,'REY DE GRACIA - CIUDAD QUETZAL',535,'QUINIENTOS TREINTA Y CINCO  QUETZALES CON 00/100','OFRENDA DE LA FIESTA AGOSTO 2018',3,40,'A','JCATUN',to_date('25/08/2018 11:18:18','DD/MM/RRRR HH24:MI:SS'),null,null);
Insert into MET01.MET01_RECIBO (RECIBO,NOMBRE,TOTAL,TOTAL_LETRAS,CONCEPTO,EVENTO,IGLESIA,ESTADO_REGISTRO,USUARIO_CREACION,FECHA_CREACION,USUARIO_MODIFICACION,FECHA_MODIFICACION) values (94,'GETSEMANI - SAN MATEO MILPAS ALTAS LA ANTIGUA',1400,'MIL CUATRO CIENTOS   QUETZALES CON 00/100','OFRENDA DE LA FIESTA AGOSTO 2018',3,36,'A','JCATUN',to_date('25/08/2018 11:34:46','DD/MM/RRRR HH24:MI:SS'),null,null);
Insert into MET01.MET01_RECIBO (RECIBO,NOMBRE,TOTAL,TOTAL_LETRAS,CONCEPTO,EVENTO,IGLESIA,ESTADO_REGISTRO,USUARIO_CREACION,FECHA_CREACION,USUARIO_MODIFICACION,FECHA_MODIFICACION) values (95,'PAN DEL CIELO EL BUCARO',400,'CUATRO CIENTOS   QUETZALES CON 00/100','OFRENDA DE LA FIESTA JUNIO 2018',3,62,'A','JCATUN',to_date('25/08/2018 12:44:40','DD/MM/RRRR HH24:MI:SS'),null,null);
Insert into MET01.MET01_RECIBO (RECIBO,NOMBRE,TOTAL,TOTAL_LETRAS,CONCEPTO,EVENTO,IGLESIA,ESTADO_REGISTRO,USUARIO_CREACION,FECHA_CREACION,USUARIO_MODIFICACION,FECHA_MODIFICACION) values (96,'JEHOVA ES MI PASTOR',500,'QUINIENTOS  QUETZALES CON 00/100','OFRENDA DE LA FIESTA JUNIO 2018',3,63,'A','JCATUN',to_date('25/08/2018 12:45:43','DD/MM/RRRR HH24:MI:SS'),null,null);
Insert into MET01.MET01_RECIBO (RECIBO,NOMBRE,TOTAL,TOTAL_LETRAS,CONCEPTO,EVENTO,IGLESIA,ESTADO_REGISTRO,USUARIO_CREACION,FECHA_CREACION,USUARIO_MODIFICACION,FECHA_MODIFICACION) values (97,'MAHANAIN',370,'TRES CIENTOS  SETENTA  QUETZALES CON 00/100','OFRENDA DE LA FIESTA JUNIO 2018',3,64,'A','JCATUN',to_date('25/08/2018 12:46:13','DD/MM/RRRR HH24:MI:SS'),null,null);
Insert into MET01.MET01_RECIBO (RECIBO,NOMBRE,TOTAL,TOTAL_LETRAS,CONCEPTO,EVENTO,IGLESIA,ESTADO_REGISTRO,USUARIO_CREACION,FECHA_CREACION,USUARIO_MODIFICACION,FECHA_MODIFICACION) values (98,'TABERNACULO DE DIOS',200,'DOS CIENTOS   QUETZALES CON 00/100','OFRENDA DE LA FIESTA JUNIO 2018',3,65,'A','JCATUN',to_date('25/08/2018 12:47:12','DD/MM/RRRR HH24:MI:SS'),null,null);
Insert into MET01.MET01_RECIBO (RECIBO,NOMBRE,TOTAL,TOTAL_LETRAS,CONCEPTO,EVENTO,IGLESIA,ESTADO_REGISTRO,USUARIO_CREACION,FECHA_CREACION,USUARIO_MODIFICACION,FECHA_MODIFICACION) values (99,'GERIZIM TIERRA NUEVA 1',558,'QUINIENTOS CINCUENTA Y OCHO  QUETZALES CON 00/100','OFRENDA DE LA FIESTA JUNIO 2018',3,66,'A','JCATUN',to_date('25/08/2018 13:11:25','DD/MM/RRRR HH24:MI:SS'),null,null);
Insert into MET01.MET01_RECIBO (RECIBO,NOMBRE,TOTAL,TOTAL_LETRAS,CONCEPTO,EVENTO,IGLESIA,ESTADO_REGISTRO,USUARIO_CREACION,FECHA_CREACION,USUARIO_MODIFICACION,FECHA_MODIFICACION) values (100,'VEN SEÑOR JESUS - SACOJ VILLAS DEL MILAGRO',350,'TRES CIENTOS  CINCUENTA  QUETZALES CON 00/100','OFRENDA DE LA FIESTA JUNIO 2018',3,67,'A','JCATUN',to_date('25/08/2018 13:17:18','DD/MM/RRRR HH24:MI:SS'),null,null);
Insert into MET01.MET01_RECIBO (RECIBO,NOMBRE,TOTAL,TOTAL_LETRAS,CONCEPTO,EVENTO,IGLESIA,ESTADO_REGISTRO,USUARIO_CREACION,FECHA_CREACION,USUARIO_MODIFICACION,FECHA_MODIFICACION) values (101,'SUMPANGO - SACATEPEQUEZ',1000,'MIL  QUETZALES CON 00/100','OFRENDA DE LA FIESTA AGOSTO 2018',3,39,'A','JCATUN',to_date('25/08/2018 13:25:08','DD/MM/RRRR HH24:MI:SS'),null,null);
Insert into MET01.MET01_RECIBO (RECIBO,NOMBRE,TOTAL,TOTAL_LETRAS,CONCEPTO,EVENTO,IGLESIA,ESTADO_REGISTRO,USUARIO_CREACION,FECHA_CREACION,USUARIO_MODIFICACION,FECHA_MODIFICACION) values (102,'IGLESIA OFICINA CENTRAL',1075,'MIL SETENTA Y CINCO  QUETZALES CON 00/100','OFRENDA DE LA FIESTA AGOSTO 2018',3,52,'A','JCATUN',to_date('25/08/2018 13:43:29','DD/MM/RRRR HH24:MI:SS'),null,null);
Insert into MET01.MET01_RECIBO (RECIBO,NOMBRE,TOTAL,TOTAL_LETRAS,CONCEPTO,EVENTO,IGLESIA,ESTADO_REGISTRO,USUARIO_CREACION,FECHA_CREACION,USUARIO_MODIFICACION,FECHA_MODIFICACION) values (110,'MATAQUESCUINTLA JALAPA',400,'CUATRO CIENTOS  QUETZALES CON 00/100','OFRENDA DE LA FIESTA NOVIEMBRE 2018',4,68,'A','MFERNANDEZ',to_date('03/11/2018 08:49:32','DD/MM/RRRR HH24:MI:SS'),null,null);
Insert into MET01.MET01_RECIBO (RECIBO,NOMBRE,TOTAL,TOTAL_LETRAS,CONCEPTO,EVENTO,IGLESIA,ESTADO_REGISTRO,USUARIO_CREACION,FECHA_CREACION,USUARIO_MODIFICACION,FECHA_MODIFICACION) values (131,'LUZ DEL MUNDO BOCA DEL MONTE VILLA CANALES',1000,'MIL QUETZALES CON 00/100','OFRENDA DE LA FIESTA NOVIEMBRE 2018',4,72,'A','MFERNANDEZ',to_date('03/11/2018 09:45:05','DD/MM/RRRR HH24:MI:SS'),null,null);
Insert into MET01.MET01_RECIBO (RECIBO,NOMBRE,TOTAL,TOTAL_LETRAS,CONCEPTO,EVENTO,IGLESIA,ESTADO_REGISTRO,USUARIO_CREACION,FECHA_CREACION,USUARIO_MODIFICACION,FECHA_MODIFICACION) values (132,'IGLESIA JIREH AZACUALPILLA PALENCIA',435,'CUATRO CIENTOS  TREINTA Y CINCO QUETZALES CON 00/100','OFRENDA DE LA FIESTA NOVIEMBRE 2018',4,55,'A','MFERNANDEZ',to_date('03/11/2018 09:48:50','DD/MM/RRRR HH24:MI:SS'),null,null);
Insert into MET01.MET01_RECIBO (RECIBO,NOMBRE,TOTAL,TOTAL_LETRAS,CONCEPTO,EVENTO,IGLESIA,ESTADO_REGISTRO,USUARIO_CREACION,FECHA_CREACION,USUARIO_MODIFICACION,FECHA_MODIFICACION) values (134,'MAHANAIM EL CHOL BAJA VERAPAZ',300,'TRES CIENTOS  QUETZALES CON 00/100','OFRENDA DE LA FIESTA NOVIEMBRE 2018',4,73,'A','MFERNANDEZ',to_date('03/11/2018 10:05:25','DD/MM/RRRR HH24:MI:SS'),null,null);
Insert into MET01.MET01_RECIBO (RECIBO,NOMBRE,TOTAL,TOTAL_LETRAS,CONCEPTO,EVENTO,IGLESIA,ESTADO_REGISTRO,USUARIO_CREACION,FECHA_CREACION,USUARIO_MODIFICACION,FECHA_MODIFICACION) values (135,'ODRES NUEVOS - AMATITLAN',500,'QUINIENTOS QUETZALES CON 00/100','OFRENDA DE LA FIESTA NOVIEMBRE 2018',4,20,'A','MFERNANDEZ',to_date('03/11/2018 10:07:26','DD/MM/RRRR HH24:MI:SS'),null,null);
Insert into MET01.MET01_RECIBO (RECIBO,NOMBRE,TOTAL,TOTAL_LETRAS,CONCEPTO,EVENTO,IGLESIA,ESTADO_REGISTRO,USUARIO_CREACION,FECHA_CREACION,USUARIO_MODIFICACION,FECHA_MODIFICACION) values (210,'IGLESIA DE JESUCRISTO PALABRA MIEL JESUS FUENTE DE VIDA ZONA 3 SAN JOSE PINULA ',200,'DOS CIENTOS  QUETZALES CON 00/100','OFRENDA DE LA FIESTA MARZO 2019',5,81,'A','MFERNANDEZ',to_date('02/03/2019 18:09:05','DD/MM/RRRR HH24:MI:SS'),null,null);
Insert into MET01.MET01_RECIBO (RECIBO,NOMBRE,TOTAL,TOTAL_LETRAS,CONCEPTO,EVENTO,IGLESIA,ESTADO_REGISTRO,USUARIO_CREACION,FECHA_CREACION,USUARIO_MODIFICACION,FECHA_MODIFICACION) values (229,'FUENTE DE GRACIA ZONA 9',1000,'MIL QUETZALES CON 00/100','OFRENDA DE LA FIESTA MAYO 2019',6,17,'A','MFERNANDEZ',to_date('11/05/2019 10:36:54','DD/MM/RRRR HH24:MI:SS'),null,null);
Insert into MET01.MET01_RECIBO (RECIBO,NOMBRE,TOTAL,TOTAL_LETRAS,CONCEPTO,EVENTO,IGLESIA,ESTADO_REGISTRO,USUARIO_CREACION,FECHA_CREACION,USUARIO_MODIFICACION,FECHA_MODIFICACION) values (246,'ADULAM SAN PEDRO SACATEPEQUEZ',970,'NOVECIENTOS SETENTA QUETZALES CON 00/100','OFRENDA DE LA FIESTA MAYO 2019',6,9,'A','MFERNANDEZ',to_date('11/05/2019 11:05:41','DD/MM/RRRR HH24:MI:SS'),null,null);
Insert into MET01.MET01_RECIBO (RECIBO,NOMBRE,TOTAL,TOTAL_LETRAS,CONCEPTO,EVENTO,IGLESIA,ESTADO_REGISTRO,USUARIO_CREACION,FECHA_CREACION,USUARIO_MODIFICACION,FECHA_MODIFICACION) values (247,'IGLESIA LINDA VISTA ZONA 4 VILLA NUEVA',500,'QUINIENTOS QUETZALES CON 00/100','OFRENDA DE LA FIESTA MAYO 2019',6,58,'A','MFERNANDEZ',to_date('11/05/2019 11:07:37','DD/MM/RRRR HH24:MI:SS'),null,null);
Insert into MET01.MET01_RECIBO (RECIBO,NOMBRE,TOTAL,TOTAL_LETRAS,CONCEPTO,EVENTO,IGLESIA,ESTADO_REGISTRO,USUARIO_CREACION,FECHA_CREACION,USUARIO_MODIFICACION,FECHA_MODIFICACION) values (249,'PAN DEL CIELO EL BUCARO',500,'QUINIENTOS QUETZALES CON 00/100','OFRENDA DE LA FIESTA MAYO 2019',6,62,'A','MFERNANDEZ',to_date('11/05/2019 11:11:24','DD/MM/RRRR HH24:MI:SS'),null,null);
Insert into MET01.MET01_RECIBO (RECIBO,NOMBRE,TOTAL,TOTAL_LETRAS,CONCEPTO,EVENTO,IGLESIA,ESTADO_REGISTRO,USUARIO_CREACION,FECHA_CREACION,USUARIO_MODIFICACION,FECHA_MODIFICACION) values (250,'OASIS ZONA 18',313,'TRES CIENTOS  TRECE QUETZALES CON 00/100','OFRENDA DE LA FIESTA MAYO 2019',6,18,'A','MFERNANDEZ',to_date('11/05/2019 11:13:06','DD/MM/RRRR HH24:MI:SS'),null,null);
Insert into MET01.MET01_RECIBO (RECIBO,NOMBRE,TOTAL,TOTAL_LETRAS,CONCEPTO,EVENTO,IGLESIA,ESTADO_REGISTRO,USUARIO_CREACION,FECHA_CREACION,USUARIO_MODIFICACION,FECHA_MODIFICACION) values (285,'PRIMERO DE JULIO EL VERBO DE DIOS ZONA 5 MIXCO',100,'CIEN QUETZALES CON 00/100','OFRENDA DE LA FIESTA DICIEMBRE 2019',7,7,'A','JCATUN',to_date('12/12/2019 10:50:53','DD/MM/RRRR HH24:MI:SS'),null,null);
Insert into MET01.MET01_RECIBO (RECIBO,NOMBRE,TOTAL,TOTAL_LETRAS,CONCEPTO,EVENTO,IGLESIA,ESTADO_REGISTRO,USUARIO_CREACION,FECHA_CREACION,USUARIO_MODIFICACION,FECHA_MODIFICACION) values (287,'CASA DE ADORACION SAN LUCAS SACATEPEQUEZ',650,'SEIS CIENTOS  CINCUENTA QUETZALES CON 00/100','OFRENDA DE LA FIESTA DICIEMBRE 2019',7,38,'A','JCATUN',to_date('12/12/2019 10:54:55','DD/MM/RRRR HH24:MI:SS'),null,null);
Insert into MET01.MET01_RECIBO (RECIBO,NOMBRE,TOTAL,TOTAL_LETRAS,CONCEPTO,EVENTO,IGLESIA,ESTADO_REGISTRO,USUARIO_CREACION,FECHA_CREACION,USUARIO_MODIFICACION,FECHA_MODIFICACION) values (288,'IGLESIA JIREH AZACUALPILLA PALENCIA',950,'NOVECIENTOS CINCUENTA QUETZALES CON 00/100','OFRENDA DE LA FIESTA DICIEMBRE 2019',7,55,'A','JCATUN',to_date('12/12/2019 10:56:49','DD/MM/RRRR HH24:MI:SS'),null,null);
Insert into MET01.MET01_RECIBO (RECIBO,NOMBRE,TOTAL,TOTAL_LETRAS,CONCEPTO,EVENTO,IGLESIA,ESTADO_REGISTRO,USUARIO_CREACION,FECHA_CREACION,USUARIO_MODIFICACION,FECHA_MODIFICACION) values (294,'OASIS ZONA 18',200,'DOS CIENTOS  QUETZALES CON 00/100','OFRENDA DE LA FIESTA DICIEMBRE 2019',7,18,'A','JCATUN',to_date('12/12/2019 11:19:45','DD/MM/RRRR HH24:MI:SS'),null,null);
Insert into MET01.MET01_RECIBO (RECIBO,NOMBRE,TOTAL,TOTAL_LETRAS,CONCEPTO,EVENTO,IGLESIA,ESTADO_REGISTRO,USUARIO_CREACION,FECHA_CREACION,USUARIO_MODIFICACION,FECHA_MODIFICACION) values (295,'LAS ROSAS - ZONA 6 DE MIXCO',480,'CUATRO CIENTOS  OCHENTA QUETZALES CON 00/100','OFRENDA DE LA FIESTA DICIEMBRE 2019',7,13,'A','JCATUN',to_date('12/12/2019 11:20:59','DD/MM/RRRR HH24:MI:SS'),null,null);
Insert into MET01.MET01_RECIBO (RECIBO,NOMBRE,TOTAL,TOTAL_LETRAS,CONCEPTO,EVENTO,IGLESIA,ESTADO_REGISTRO,USUARIO_CREACION,FECHA_CREACION,USUARIO_MODIFICACION,FECHA_MODIFICACION) values (306,'PACTO DE GRACIA SAN RAYMUNDO',1400,'MIL CUATRO CIENTOS  QUETZALES CON 00/100','OFRENDA DE LA FIESTA DICIEMBRE 2019',7,43,'A','JCATUN',to_date('12/12/2019 14:50:41','DD/MM/RRRR HH24:MI:SS'),null,null);
Insert into MET01.MET01_RECIBO (RECIBO,NOMBRE,TOTAL,TOTAL_LETRAS,CONCEPTO,EVENTO,IGLESIA,ESTADO_REGISTRO,USUARIO_CREACION,FECHA_CREACION,USUARIO_MODIFICACION,FECHA_MODIFICACION) values (315,'SUACITE',150,'CIENTO CINCUENTA QUETZALES CON 00/100','OFRENDA DE LA FIESTA FEBRERO 2020',8,84,'A','MFERNANDEZ',to_date('15/02/2020 11:30:25','DD/MM/RRRR HH24:MI:SS'),null,null);
Insert into MET01.MET01_RECIBO (RECIBO,NOMBRE,TOTAL,TOTAL_LETRAS,CONCEPTO,EVENTO,IGLESIA,ESTADO_REGISTRO,USUARIO_CREACION,FECHA_CREACION,USUARIO_MODIFICACION,FECHA_MODIFICACION) values (317,'JEHOVA ES MI PASTOR BOCA DEL MONTE',600,'SEIS CIENTOS  QUETZALES CON 00/100','OFRENDA DE LA FIESTA FEBRERO 2020',8,63,'A','MFERNANDEZ',to_date('15/02/2020 11:36:50','DD/MM/RRRR HH24:MI:SS'),null,null);
Insert into MET01.MET01_RECIBO (RECIBO,NOMBRE,TOTAL,TOTAL_LETRAS,CONCEPTO,EVENTO,IGLESIA,ESTADO_REGISTRO,USUARIO_CREACION,FECHA_CREACION,USUARIO_MODIFICACION,FECHA_MODIFICACION) values (327,'FRESCA UNCION CHUARRANCHO',200,'DOS CIENTOS  QUETZALES CON 00/100','OFRENDA DE LA FIESTA FEBRERO 2020',8,50,'A','MFERNANDEZ',to_date('15/02/2020 13:29:40','DD/MM/RRRR HH24:MI:SS'),null,null);
Insert into MET01.MET01_RECIBO (RECIBO,NOMBRE,TOTAL,TOTAL_LETRAS,CONCEPTO,EVENTO,IGLESIA,ESTADO_REGISTRO,USUARIO_CREACION,FECHA_CREACION,USUARIO_MODIFICACION,FECHA_MODIFICACION) values (334,'REY DE GRACIA - CIUDAD QUETZAL',100,'CIEN QUETZALES CON 00/100','OFRENDA DE LA FIESTA FEBRERO 2020',8,40,'A','MFERNANDEZ',to_date('15/02/2020 13:53:19','DD/MM/RRRR HH24:MI:SS'),null,null);
Insert into MET01.MET01_RECIBO (RECIBO,NOMBRE,TOTAL,TOTAL_LETRAS,CONCEPTO,EVENTO,IGLESIA,ESTADO_REGISTRO,USUARIO_CREACION,FECHA_CREACION,USUARIO_MODIFICACION,FECHA_MODIFICACION) values (338,'GETSEMANI - SAN MATEO MILPAS ALTAS LA ANTIGUA',200,'DOS CIENTOS  QUETZALES CON 00/100','OFRENDA DE LA FIESTA FEBRERO 2020',8,36,'A','MFERNANDEZ',to_date('15/02/2020 14:33:31','DD/MM/RRRR HH24:MI:SS'),null,null);
Insert into MET01.MET01_RECIBO (RECIBO,NOMBRE,TOTAL,TOTAL_LETRAS,CONCEPTO,EVENTO,IGLESIA,ESTADO_REGISTRO,USUARIO_CREACION,FECHA_CREACION,USUARIO_MODIFICACION,FECHA_MODIFICACION) values (347,'IGLESIA JIREH AZACUALPILLA PALENCIA',270,'DOS CIENTOS  SETENTA QUETZALES CON 00/100','OFRENDA DE LA FIESTA FEBRERO 2020',8,55,'A','MFERNANDEZ',to_date('15/02/2020 15:18:42','DD/MM/RRRR HH24:MI:SS'),null,null);
Insert into MET01.MET01_RECIBO (RECIBO,NOMBRE,TOTAL,TOTAL_LETRAS,CONCEPTO,EVENTO,IGLESIA,ESTADO_REGISTRO,USUARIO_CREACION,FECHA_CREACION,USUARIO_MODIFICACION,FECHA_MODIFICACION) values (348,'EL MEZON DE CRISTO - SAN JOSE PINULA',200,'DOS CIENTOS  QUETZALES CON 00/100','OFRENDA DE LA FIESTA FEBRERO 2020',8,34,'A','MFERNANDEZ',to_date('15/02/2020 15:20:18','DD/MM/RRRR HH24:MI:SS'),null,null);
Insert into MET01.MET01_RECIBO (RECIBO,NOMBRE,TOTAL,TOTAL_LETRAS,CONCEPTO,EVENTO,IGLESIA,ESTADO_REGISTRO,USUARIO_CREACION,FECHA_CREACION,USUARIO_MODIFICACION,FECHA_MODIFICACION) values (349,'BELEN DE JUDA BARCENAS VILLA NUEVA',1000,'MIL QUETZALES CON 00/100','OFRENDA DE LA FIESTA FEBRERO 2020',8,22,'A','MFERNANDEZ',to_date('15/02/2020 15:23:56','DD/MM/RRRR HH24:MI:SS'),null,null);
Insert into MET01.MET01_RECIBO (RECIBO,NOMBRE,TOTAL,TOTAL_LETRAS,CONCEPTO,EVENTO,IGLESIA,ESTADO_REGISTRO,USUARIO_CREACION,FECHA_CREACION,USUARIO_MODIFICACION,FECHA_MODIFICACION) values (350,'ODRES NUEVOS - AMATITLAN',800,'OCHO CIENTOS  QUETZALES CON 00/100','OFRENDA DE LA FIESTA FEBRERO 2020',8,20,'A','MFERNANDEZ',to_date('15/02/2020 15:25:32','DD/MM/RRRR HH24:MI:SS'),null,null);
Insert into MET01.MET01_RECIBO (RECIBO,NOMBRE,TOTAL,TOTAL_LETRAS,CONCEPTO,EVENTO,IGLESIA,ESTADO_REGISTRO,USUARIO_CREACION,FECHA_CREACION,USUARIO_MODIFICACION,FECHA_MODIFICACION) values (351,'SOL DE JUSTICIA CAMPANERO ZONA 8 DE MIXCO',725,'SETECIENTOS VEINTICINCO QUETZALES CON 00/100','OFRENDA DE LA FIESTA FEBRERO 2020',8,5,'A','MFERNANDEZ',to_date('15/02/2020 15:29:31','DD/MM/RRRR HH24:MI:SS'),null,null);
Insert into MET01.MET01_RECIBO (RECIBO,NOMBRE,TOTAL,TOTAL_LETRAS,CONCEPTO,EVENTO,IGLESIA,ESTADO_REGISTRO,USUARIO_CREACION,FECHA_CREACION,USUARIO_MODIFICACION,FECHA_MODIFICACION) values (352,'LUGAR DE REPOSO - EL CARMEN',500,'QUINIENTOS QUETZALES CON 00/100','OFRENDA DE LA FIESTA FEBRERO 2020',8,29,'A','MFERNANDEZ',to_date('15/02/2020 15:31:12','DD/MM/RRRR HH24:MI:SS'),null,null);
Insert into MET01.MET01_RECIBO (RECIBO,NOMBRE,TOTAL,TOTAL_LETRAS,CONCEPTO,EVENTO,IGLESIA,ESTADO_REGISTRO,USUARIO_CREACION,FECHA_CREACION,USUARIO_MODIFICACION,FECHA_MODIFICACION) values (353,'JEHOVA ES MI GUERRERO SAN MIGUEL PETAPA',500,'QUINIENTOS QUETZALES CON 00/100','OFRENDA DE LA FIESTA FEBRERO 2020',8,79,'A','MFERNANDEZ',to_date('15/02/2020 15:34:13','DD/MM/RRRR HH24:MI:SS'),null,null);
Insert into MET01.MET01_RECIBO (RECIBO,NOMBRE,TOTAL,TOTAL_LETRAS,CONCEPTO,EVENTO,IGLESIA,ESTADO_REGISTRO,USUARIO_CREACION,FECHA_CREACION,USUARIO_MODIFICACION,FECHA_MODIFICACION) values (354,'CANTICO NUEVO VILLA CANALES',420,'CUATRO CIENTOS  VEINTE QUETZALES CON 00/100','OFRENDA DE LA FIESTA FEBRERO 2020',8,31,'A','MFERNANDEZ',to_date('15/02/2020 15:36:34','DD/MM/RRRR HH24:MI:SS'),null,null);
Insert into MET01.MET01_RECIBO (RECIBO,NOMBRE,TOTAL,TOTAL_LETRAS,CONCEPTO,EVENTO,IGLESIA,ESTADO_REGISTRO,USUARIO_CREACION,FECHA_CREACION,USUARIO_MODIFICACION,FECHA_MODIFICACION) values (355,'GERIZIM TIERRA NUEVA 1',265,'DOS CIENTOS  SESENTA Y CINCO QUETZALES CON 00/100','OFRENDA DE LA FIESTA FEBRERO 2020',8,66,'A','MFERNANDEZ',to_date('15/02/2020 15:38:37','DD/MM/RRRR HH24:MI:SS'),null,null);
Insert into MET01.MET01_RECIBO (RECIBO,NOMBRE,TOTAL,TOTAL_LETRAS,CONCEPTO,EVENTO,IGLESIA,ESTADO_REGISTRO,USUARIO_CREACION,FECHA_CREACION,USUARIO_MODIFICACION,FECHA_MODIFICACION) values (366,'IGLESIA CRISTO VENDRA SAN CRISTOBAL',70,'SETENTA QUETZALES CON 00/100','OFRENDA DE LA FIESTA FEBRERO 2020',8,57,'A','MFERNANDEZ',to_date('15/02/2020 16:28:20','DD/MM/RRRR HH24:MI:SS'),null,null);
Insert into MET01.MET01_RECIBO (RECIBO,NOMBRE,TOTAL,TOTAL_LETRAS,CONCEPTO,EVENTO,IGLESIA,ESTADO_REGISTRO,USUARIO_CREACION,FECHA_CREACION,USUARIO_MODIFICACION,FECHA_MODIFICACION) values (277,'FUENTE DE AGUA VIVA ZONA 17',500,'QUINIENTOS QUETZALES CON 00/100','OFRENDA DE LA FIESTA DICIEMBRE 2019',7,19,'A','JCATUN',to_date('12/12/2019 10:31:27','DD/MM/RRRR HH24:MI:SS'),null,null);
Insert into MET01.MET01_RECIBO (RECIBO,NOMBRE,TOTAL,TOTAL_LETRAS,CONCEPTO,EVENTO,IGLESIA,ESTADO_REGISTRO,USUARIO_CREACION,FECHA_CREACION,USUARIO_MODIFICACION,FECHA_MODIFICACION) values (278,'JEHOVA JIREH CHUARRANCHO CANTON CENTRAL',420,'CUATRO CIENTOS  VEINTE QUETZALES CON 00/100','OFRENDA DE LA FIESTA DICIEMBRE 2019',7,61,'A','JCATUN',to_date('12/12/2019 10:33:48','DD/MM/RRRR HH24:MI:SS'),null,null);
Insert into MET01.MET01_RECIBO (RECIBO,NOMBRE,TOTAL,TOTAL_LETRAS,CONCEPTO,EVENTO,IGLESIA,ESTADO_REGISTRO,USUARIO_CREACION,FECHA_CREACION,USUARIO_MODIFICACION,FECHA_MODIFICACION) values (279,'SOL DE JUSTICIA CAMPANERO ZONA 8 DE MIXCO',1700,'MIL SETECIENTOS QUETZALES CON 00/100','OFRENDA DE LA FIESTA DICIEMBRE 2019',7,5,'A','JCATUN',to_date('12/12/2019 10:35:24','DD/MM/RRRR HH24:MI:SS'),null,null);
Insert into MET01.MET01_RECIBO (RECIBO,NOMBRE,TOTAL,TOTAL_LETRAS,CONCEPTO,EVENTO,IGLESIA,ESTADO_REGISTRO,USUARIO_CREACION,FECHA_CREACION,USUARIO_MODIFICACION,FECHA_MODIFICACION) values (304,'IGLESIA DIOS CON NOSOTROS ZONA 3 VILLA NUEVA',565,'QUINIENTOS SESENTA Y CINCO QUETZALES CON 00/100','OFRENDA DE LA FIESTA DICIEMBRE 2019',7,59,'A','JCATUN',to_date('12/12/2019 12:37:47','DD/MM/RRRR HH24:MI:SS'),null,null);
Insert into MET01.MET01_RECIBO (RECIBO,NOMBRE,TOTAL,TOTAL_LETRAS,CONCEPTO,EVENTO,IGLESIA,ESTADO_REGISTRO,USUARIO_CREACION,FECHA_CREACION,USUARIO_MODIFICACION,FECHA_MODIFICACION) values (319,'PAN DEL CIELO EL BUCARO',300,'TRES CIENTOS  QUETZALES CON 00/100','OFRENDA DE LA FIESTA FEBRERO 2020',8,62,'A','MFERNANDEZ',to_date('15/02/2020 12:06:07','DD/MM/RRRR HH24:MI:SS'),null,null);
Insert into MET01.MET01_RECIBO (RECIBO,NOMBRE,TOTAL,TOTAL_LETRAS,CONCEPTO,EVENTO,IGLESIA,ESTADO_REGISTRO,USUARIO_CREACION,FECHA_CREACION,USUARIO_MODIFICACION,FECHA_MODIFICACION) values (320,'PALABRA MIEL ZONA 8',630,'SEIS CIENTOS  TREINTA QUETZALES CON 00/100','OFRENDA DE LA FIESTA FEBRERO 2020',8,75,'A','MFERNANDEZ',to_date('15/02/2020 12:08:12','DD/MM/RRRR HH24:MI:SS'),null,null);
Insert into MET01.MET01_RECIBO (RECIBO,NOMBRE,TOTAL,TOTAL_LETRAS,CONCEPTO,EVENTO,IGLESIA,ESTADO_REGISTRO,USUARIO_CREACION,FECHA_CREACION,USUARIO_MODIFICACION,FECHA_MODIFICACION) values (321,'EL PAJON - KM 18 SANTA CATARINA PINULA',500,'QUINIENTOS QUETZALES CON 00/100','OFRENDA DE LA FIESTA FEBRERO 2020',8,32,'A','MFERNANDEZ',to_date('15/02/2020 12:13:46','DD/MM/RRRR HH24:MI:SS'),null,null);
Insert into MET01.MET01_RECIBO (RECIBO,NOMBRE,TOTAL,TOTAL_LETRAS,CONCEPTO,EVENTO,IGLESIA,ESTADO_REGISTRO,USUARIO_CREACION,FECHA_CREACION,USUARIO_MODIFICACION,FECHA_MODIFICACION) values (324,'CRISTO FIEL Y VERDADERO LO DE FUENTES',425,'CUATRO CIENTOS  VEINTICINCO QUETZALES CON 00/100','OFRENDA DE LA FIESTA FEBRERO 2020',8,8,'A','MFERNANDEZ',to_date('15/02/2020 12:34:01','DD/MM/RRRR HH24:MI:SS'),null,null);
Insert into MET01.MET01_RECIBO (RECIBO,NOMBRE,TOTAL,TOTAL_LETRAS,CONCEPTO,EVENTO,IGLESIA,ESTADO_REGISTRO,USUARIO_CREACION,FECHA_CREACION,USUARIO_MODIFICACION,FECHA_MODIFICACION) values (325,'TIEMPOS DE REFRIGERIO CATALINA VILLA NUEVA',600,'SEIS CIENTOS  QUETZALES CON 00/100','OFRENDA DE LA FIESTA FEBRERO 2020',8,21,'A','MFERNANDEZ',to_date('15/02/2020 12:44:29','DD/MM/RRRR HH24:MI:SS'),null,null);
Insert into MET01.MET01_RECIBO (RECIBO,NOMBRE,TOTAL,TOTAL_LETRAS,CONCEPTO,EVENTO,IGLESIA,ESTADO_REGISTRO,USUARIO_CREACION,FECHA_CREACION,USUARIO_MODIFICACION,FECHA_MODIFICACION) values (328,'IGLESIA DIOS CON NOSOTROS ZONA 3 VILLA NUEVA',380,'TRES CIENTOS  OCHENTA QUETZALES CON 00/100','OFRENDA DE LA FIESTA FEBRERO 2020',8,59,'A','MFERNANDEZ',to_date('15/02/2020 13:34:32','DD/MM/RRRR HH24:MI:SS'),null,null);
Insert into MET01.MET01_RECIBO (RECIBO,NOMBRE,TOTAL,TOTAL_LETRAS,CONCEPTO,EVENTO,IGLESIA,ESTADO_REGISTRO,USUARIO_CREACION,FECHA_CREACION,USUARIO_MODIFICACION,FECHA_MODIFICACION) values (329,'IGLESIA PALABRA MIEL COLINAS',550,'QUINIENTOS CINCUENTA QUETZALES CON 00/100','OFRENDA DE LA FIESTA FEBRERO 2020',8,10,'A','MFERNANDEZ',to_date('15/02/2020 13:41:25','DD/MM/RRRR HH24:MI:SS'),null,null);
Insert into MET01.MET01_RECIBO (RECIBO,NOMBRE,TOTAL,TOTAL_LETRAS,CONCEPTO,EVENTO,IGLESIA,ESTADO_REGISTRO,USUARIO_CREACION,FECHA_CREACION,USUARIO_MODIFICACION,FECHA_MODIFICACION) values (335,'LA LIBERACION DEL ESPIRITU ZONA 7',200,'DOS CIENTOS  QUETZALES CON 00/100','OFRENDA DE LA FIESTA FEBRERO 2020',8,47,'A','MFERNANDEZ',to_date('15/02/2020 14:16:32','DD/MM/RRRR HH24:MI:SS'),null,null);
Insert into MET01.MET01_RECIBO (RECIBO,NOMBRE,TOTAL,TOTAL_LETRAS,CONCEPTO,EVENTO,IGLESIA,ESTADO_REGISTRO,USUARIO_CREACION,FECHA_CREACION,USUARIO_MODIFICACION,FECHA_MODIFICACION) values (336,'IGLESIA LINDA VISTA ZONA 4 VILLA NUEVA',500,'QUINIENTOS QUETZALES CON 00/100','OFRENDA DE LA FIESTA FEBRERO 2020',8,58,'A','MFERNANDEZ',to_date('15/02/2020 14:23:21','DD/MM/RRRR HH24:MI:SS'),null,null);
Insert into MET01.MET01_RECIBO (RECIBO,NOMBRE,TOTAL,TOTAL_LETRAS,CONCEPTO,EVENTO,IGLESIA,ESTADO_REGISTRO,USUARIO_CREACION,FECHA_CREACION,USUARIO_MODIFICACION,FECHA_MODIFICACION) values (337,'PALABRA MIEL ADONAI ALDEA LAS DANTAS',150,'CIENTO CINCUENTA QUETZALES CON 00/100','OFRENDA DE LA FIESTA FEBRERO 2020',8,78,'A','MFERNANDEZ',to_date('15/02/2020 14:25:18','DD/MM/RRRR HH24:MI:SS'),null,null);
Insert into MET01.MET01_RECIBO (RECIBO,NOMBRE,TOTAL,TOTAL_LETRAS,CONCEPTO,EVENTO,IGLESIA,ESTADO_REGISTRO,USUARIO_CREACION,FECHA_CREACION,USUARIO_MODIFICACION,FECHA_MODIFICACION) values (341,'MEZQUITAL - ZONA 12',100,'CIEN QUETZALES CON 00/100','OFRENDA DE LA FIESTA FEBRERO 2020',8,25,'A','MFERNANDEZ',to_date('15/02/2020 14:55:29','DD/MM/RRRR HH24:MI:SS'),null,null);
Insert into MET01.MET01_RECIBO (RECIBO,NOMBRE,TOTAL,TOTAL_LETRAS,CONCEPTO,EVENTO,IGLESIA,ESTADO_REGISTRO,USUARIO_CREACION,FECHA_CREACION,USUARIO_MODIFICACION,FECHA_MODIFICACION) values (346,'ROCA INCONMOVIBLE PIEDRA PARADA',100,'CIEN QUETZALES CON 00/100','OFRENDA DE LA FIESTA FEBRERO 2020',8,48,'A','MFERNANDEZ',to_date('15/02/2020 15:15:05','DD/MM/RRRR HH24:MI:SS'),null,null);
Insert into MET01.MET01_RECIBO (RECIBO,NOMBRE,TOTAL,TOTAL_LETRAS,CONCEPTO,EVENTO,IGLESIA,ESTADO_REGISTRO,USUARIO_CREACION,FECHA_CREACION,USUARIO_MODIFICACION,FECHA_MODIFICACION) values (356,'SEÑOR Y REY PERONIA',200,'DOS CIENTOS  QUETZALES CON 00/100','OFRENDA DE LA FIESTA FEBRERO 2020',8,11,'A','MFERNANDEZ',to_date('15/02/2020 15:40:18','DD/MM/RRRR HH24:MI:SS'),null,null);
Insert into MET01.MET01_RECIBO (RECIBO,NOMBRE,TOTAL,TOTAL_LETRAS,CONCEPTO,EVENTO,IGLESIA,ESTADO_REGISTRO,USUARIO_CREACION,FECHA_CREACION,USUARIO_MODIFICACION,FECHA_MODIFICACION) values (357,'REY DE PAZ MIXCO SAN JACINTO',235,'DOS CIENTOS  TREINTA Y CINCO QUETZALES CON 00/100','OFRENDA DE LA FIESTA FEBRERO 2020',8,2,'A','MFERNANDEZ',to_date('15/02/2020 15:41:25','DD/MM/RRRR HH24:MI:SS'),null,null);
Insert into MET01.MET01_RECIBO (RECIBO,NOMBRE,TOTAL,TOTAL_LETRAS,CONCEPTO,EVENTO,IGLESIA,ESTADO_REGISTRO,USUARIO_CREACION,FECHA_CREACION,USUARIO_MODIFICACION,FECHA_MODIFICACION) values (361,'CANTICO NUEVO VILLA CANALES',125,'CIENTO VEINTICINCO QUETZALES CON 00/100','OFRENDA DE LA FIESTA FEBRERO 2020',8,31,'A','MFERNANDEZ',to_date('15/02/2020 15:58:17','DD/MM/RRRR HH24:MI:SS'),null,null);
Insert into MET01.MET01_RECIBO (RECIBO,NOMBRE,TOTAL,TOTAL_LETRAS,CONCEPTO,EVENTO,IGLESIA,ESTADO_REGISTRO,USUARIO_CREACION,FECHA_CREACION,USUARIO_MODIFICACION,FECHA_MODIFICACION) values (362,'FUENTE DE AGUA VIVA ZONA 17',500,'QUINIENTOS QUETZALES CON 00/100','OFRENDA DE LA FIESTA FEBRERO 2020',8,19,'A','MFERNANDEZ',to_date('15/02/2020 15:59:46','DD/MM/RRRR HH24:MI:SS'),null,null);
Insert into MET01.MET01_RECIBO (RECIBO,NOMBRE,TOTAL,TOTAL_LETRAS,CONCEPTO,EVENTO,IGLESIA,ESTADO_REGISTRO,USUARIO_CREACION,FECHA_CREACION,USUARIO_MODIFICACION,FECHA_MODIFICACION) values (363,'IGLESIA OFICINA CENTRAL',1400,'MIL CUATRO CIENTOS  QUETZALES CON 00/100','OFRENDA DE LA FIESTA FEBRERO 2020',8,52,'A','MFERNANDEZ',to_date('15/02/2020 16:11:17','DD/MM/RRRR HH24:MI:SS'),null,null);
Insert into MET01.MET01_RECIBO (RECIBO,NOMBRE,TOTAL,TOTAL_LETRAS,CONCEPTO,EVENTO,IGLESIA,ESTADO_REGISTRO,USUARIO_CREACION,FECHA_CREACION,USUARIO_MODIFICACION,FECHA_MODIFICACION) values (364,'LA ROCA FIRME - TIERRA NUEVA 2',380,'TRES CIENTOS  OCHENTA QUETZALES CON 00/100','OFRENDA DE LA FIESTA FEBRERO 2020',8,1,'A','MFERNANDEZ',to_date('15/02/2020 16:14:17','DD/MM/RRRR HH24:MI:SS'),null,null);
Insert into MET01.MET01_RECIBO (RECIBO,NOMBRE,TOTAL,TOTAL_LETRAS,CONCEPTO,EVENTO,IGLESIA,ESTADO_REGISTRO,USUARIO_CREACION,FECHA_CREACION,USUARIO_MODIFICACION,FECHA_MODIFICACION) values (365,'LA ROCA FIRME - TIERRA NUEVA 2',20,'VEINTE QUETZALES CON 00/100','OFRENDA DE LA FIESTA FEBRERO 2020',8,1,'A','MFERNANDEZ',to_date('15/02/2020 16:15:56','DD/MM/RRRR HH24:MI:SS'),null,null);
Insert into MET01.MET01_RECIBO (RECIBO,NOMBRE,TOTAL,TOTAL_LETRAS,CONCEPTO,EVENTO,IGLESIA,ESTADO_REGISTRO,USUARIO_CREACION,FECHA_CREACION,USUARIO_MODIFICACION,FECHA_MODIFICACION) values (367,'JESUS REY DE REYES MIXCO',1000,'MIL QUETZALES CON 00/100','OFRENDA DE LA FIESTA FEBRERO 2020',8,49,'A','MFERNANDEZ',to_date('15/02/2020 16:39:41','DD/MM/RRRR HH24:MI:SS'),null,null);
Insert into MET01.MET01_RECIBO (RECIBO,NOMBRE,TOTAL,TOTAL_LETRAS,CONCEPTO,EVENTO,IGLESIA,ESTADO_REGISTRO,USUARIO_CREACION,FECHA_CREACION,USUARIO_MODIFICACION,FECHA_MODIFICACION) values (368,'SUMPANGO - SACATEPEQUEZ',1000,'MIL QUETZALES CON 00/100','OFRENDA DE LA FIESTA FEBRERO 2020',8,39,'A','MFERNANDEZ',to_date('15/02/2020 16:41:56','DD/MM/RRRR HH24:MI:SS'),null,null);
Insert into MET01.MET01_RECIBO (RECIBO,NOMBRE,TOTAL,TOTAL_LETRAS,CONCEPTO,EVENTO,IGLESIA,ESTADO_REGISTRO,USUARIO_CREACION,FECHA_CREACION,USUARIO_MODIFICACION,FECHA_MODIFICACION) values (369,'PUEBLO DE DIOS SAN ANTONIO LAS FLORES CHINAUTLA',100,'CIEN QUETZALES CON 00/100','OFRENDA DE LA FIESTA FEBRERO 2020',8,82,'A','MFERNANDEZ',to_date('15/02/2020 16:45:05','DD/MM/RRRR HH24:MI:SS'),null,null);
Insert into MET01.MET01_RECIBO (RECIBO,NOMBRE,TOTAL,TOTAL_LETRAS,CONCEPTO,EVENTO,IGLESIA,ESTADO_REGISTRO,USUARIO_CREACION,FECHA_CREACION,USUARIO_MODIFICACION,FECHA_MODIFICACION) values (370,'ADULAM SAN PEDRO SACATEPEQUEZ',550,'QUINIENTOS CINCUENTA QUETZALES CON 00/100','OFRENDA DE LA FIESTA FEBRERO 2020',8,9,'A','MFERNANDEZ',to_date('15/02/2020 16:47:06','DD/MM/RRRR HH24:MI:SS'),null,null);
Insert into MET01.MET01_RECIBO (RECIBO,NOMBRE,TOTAL,TOTAL_LETRAS,CONCEPTO,EVENTO,IGLESIA,ESTADO_REGISTRO,USUARIO_CREACION,FECHA_CREACION,USUARIO_MODIFICACION,FECHA_MODIFICACION) values (371,'RIOS DE AGUA VIVA - ZONA 1',115,'CIENTO QUINCE QUETZALES CON 00/100','OFRENDA DE LA FIESTA FEBRERO 2020',8,15,'A','MFERNANDEZ',to_date('15/02/2020 17:15:04','DD/MM/RRRR HH24:MI:SS'),null,null);
Insert into MET01.MET01_RECIBO (RECIBO,NOMBRE,TOTAL,TOTAL_LETRAS,CONCEPTO,EVENTO,IGLESIA,ESTADO_REGISTRO,USUARIO_CREACION,FECHA_CREACION,USUARIO_MODIFICACION,FECHA_MODIFICACION) values (308,'PALABRA MIEL ADONAI ALDEA LAS DANTAS',685,'SEIS CIENTOS  OCHENTA Y CINCO QUETZALES CON 00/100','OFRENDA DE LA FIESTA DICIEMBRE 2019',7,78,'A','JCATUN',to_date('12/12/2019 18:44:34','DD/MM/RRRR HH24:MI:SS'),null,null);
Insert into MET01.MET01_RECIBO (RECIBO,NOMBRE,TOTAL,TOTAL_LETRAS,CONCEPTO,EVENTO,IGLESIA,ESTADO_REGISTRO,USUARIO_CREACION,FECHA_CREACION,USUARIO_MODIFICACION,FECHA_MODIFICACION) values (309,'BELEN DE JUDA BARCENAS VILLA NUEVA',1000,'MIL QUETZALES CON 00/100','OFRENDA DE LA FIESTA DICIEMBRE 2019',7,22,'A','JCATUN',to_date('12/12/2019 18:46:22','DD/MM/RRRR HH24:MI:SS'),null,null);
Insert into MET01.MET01_RECIBO (RECIBO,NOMBRE,TOTAL,TOTAL_LETRAS,CONCEPTO,EVENTO,IGLESIA,ESTADO_REGISTRO,USUARIO_CREACION,FECHA_CREACION,USUARIO_MODIFICACION,FECHA_MODIFICACION) values (323,'BEREA ESTANCIA GRANDE - SAN JUAN SACATEPEQUEZ',200,'DOS CIENTOS  QUETZALES CON 00/100','OFRENDA DE LA FIESTA FEBRERO 2020',8,51,'A','MFERNANDEZ',to_date('15/02/2020 12:25:16','DD/MM/RRRR HH24:MI:SS'),null,null);
Insert into MET01.MET01_RECIBO (RECIBO,NOMBRE,TOTAL,TOTAL_LETRAS,CONCEPTO,EVENTO,IGLESIA,ESTADO_REGISTRO,USUARIO_CREACION,FECHA_CREACION,USUARIO_MODIFICACION,FECHA_MODIFICACION) values (332,'LA ROCA - GRANADOS BAJA VERAPAZ',200,'DOS CIENTOS  QUETZALES CON 00/100','OFRENDA DE LA FIESTA FEBRERO 2020',8,41,'A','MFERNANDEZ',to_date('15/02/2020 13:48:33','DD/MM/RRRR HH24:MI:SS'),null,null);
Insert into MET01.MET01_RECIBO (RECIBO,NOMBRE,TOTAL,TOTAL_LETRAS,CONCEPTO,EVENTO,IGLESIA,ESTADO_REGISTRO,USUARIO_CREACION,FECHA_CREACION,USUARIO_MODIFICACION,FECHA_MODIFICACION) values (333,'REY DE GRACIA - CIUDAD QUETZAL',435,'CUATRO CIENTOS  TREINTA Y CINCO QUETZALES CON 00/100','OFRENDA DE LA FIESTA FEBRERO 2020',8,40,'A','MFERNANDEZ',to_date('15/02/2020 13:50:12','DD/MM/RRRR HH24:MI:SS'),null,null);
Insert into MET01.MET01_RECIBO (RECIBO,NOMBRE,TOTAL,TOTAL_LETRAS,CONCEPTO,EVENTO,IGLESIA,ESTADO_REGISTRO,USUARIO_CREACION,FECHA_CREACION,USUARIO_MODIFICACION,FECHA_MODIFICACION) values (345,'FUENTE DE MISERICORDIA SAN JUAN SACATEPEQUEZ',250,'DOS CIENTOS  CINCUENTA QUETZALES CON 00/100','OFRENDA DE LA FIESTA FEBRERO 2020',8,12,'A','MFERNANDEZ',to_date('15/02/2020 15:13:13','DD/MM/RRRR HH24:MI:SS'),null,null);
Insert into MET01.MET01_RECIBO (RECIBO,NOMBRE,TOTAL,TOTAL_LETRAS,CONCEPTO,EVENTO,IGLESIA,ESTADO_REGISTRO,USUARIO_CREACION,FECHA_CREACION,USUARIO_MODIFICACION,FECHA_MODIFICACION) values (264,'EL MEZON DE CRISTO - SAN JOSE PINULA',250,'DOS CIENTOS  CINCUENTA QUETZALES CON 00/100','OFRENDA DE LA FIESTA MAYO 2019',6,34,'A','MFERNANDEZ',to_date('11/05/2019 11:34:21','DD/MM/RRRR HH24:MI:SS'),null,null);
Insert into MET01.MET01_RECIBO (RECIBO,NOMBRE,TOTAL,TOTAL_LETRAS,CONCEPTO,EVENTO,IGLESIA,ESTADO_REGISTRO,USUARIO_CREACION,FECHA_CREACION,USUARIO_MODIFICACION,FECHA_MODIFICACION) values (290,'FUENTE DE GRACIA ZONA 9',1550,'MIL QUINIENTOS CINCUENTA QUETZALES CON 00/100','OFRENDA DE LA FIESTA DICIEMBRE 2019',7,17,'A','JCATUN',to_date('12/12/2019 11:00:33','DD/MM/RRRR HH24:MI:SS'),null,null);
Insert into MET01.MET01_RECIBO (RECIBO,NOMBRE,TOTAL,TOTAL_LETRAS,CONCEPTO,EVENTO,IGLESIA,ESTADO_REGISTRO,USUARIO_CREACION,FECHA_CREACION,USUARIO_MODIFICACION,FECHA_MODIFICACION) values (301,'TIEMPOS DE REFRIGERIO CATALINA VILLA NUEVA',4000,'CUATRO MIL QUETZALES CON 00/100','OFRENDA DE LA FIESTA DICIEMBRE 2019',7,21,'A','JCATUN',to_date('12/12/2019 12:26:43','DD/MM/RRRR HH24:MI:SS'),null,null);
Insert into MET01.MET01_RECIBO (RECIBO,NOMBRE,TOTAL,TOTAL_LETRAS,CONCEPTO,EVENTO,IGLESIA,ESTADO_REGISTRO,USUARIO_CREACION,FECHA_CREACION,USUARIO_MODIFICACION,FECHA_MODIFICACION) values (305,'IGLESIA OFICINA CENTRAL',3000,'TRES MIL QUETZALES CON 00/100','OFRENDA DE LA FIESTA DICIEMBRE 2019',7,52,'A','JCATUN',to_date('12/12/2019 13:01:41','DD/MM/RRRR HH24:MI:SS'),null,null);
Insert into MET01.MET01_RECIBO (RECIBO,NOMBRE,TOTAL,TOTAL_LETRAS,CONCEPTO,EVENTO,IGLESIA,ESTADO_REGISTRO,USUARIO_CREACION,FECHA_CREACION,USUARIO_MODIFICACION,FECHA_MODIFICACION) values (310,'IGLESIA LINDA VISTA ZONA 4 VILLA NUEVA',680,'SEIS CIENTOS  OCHENTA QUETZALES CON 00/100','OFRENDA DE LA FIESTA DICIEMBRE 2019',7,58,'A','JCATUN',to_date('12/12/2019 18:57:13','DD/MM/RRRR HH24:MI:SS'),null,null);
Insert into MET01.MET01_RECIBO (RECIBO,NOMBRE,TOTAL,TOTAL_LETRAS,CONCEPTO,EVENTO,IGLESIA,ESTADO_REGISTRO,USUARIO_CREACION,FECHA_CREACION,USUARIO_MODIFICACION,FECHA_MODIFICACION) values (318,'LAS ROSAS - ZONA 6 DE MIXCO',210,'DOS CIENTOS  DIEZ QUETZALES CON 00/100','OFRENDA DE LA FIESTA FEBRERO 2020',8,13,'A','MFERNANDEZ',to_date('15/02/2020 11:39:14','DD/MM/RRRR HH24:MI:SS'),null,null);
Insert into MET01.MET01_RECIBO (RECIBO,NOMBRE,TOTAL,TOTAL_LETRAS,CONCEPTO,EVENTO,IGLESIA,ESTADO_REGISTRO,USUARIO_CREACION,FECHA_CREACION,USUARIO_MODIFICACION,FECHA_MODIFICACION) values (330,'ALDEA EL FISCAL PALENCIA',250,'DOS CIENTOS  CINCUENTA QUETZALES CON 00/100','OFRENDA DE LA FIESTA FEBRERO 2020',8,86,'A','MFERNANDEZ',to_date('15/02/2020 13:45:07','DD/MM/RRRR HH24:MI:SS'),null,null);
Insert into MET01.MET01_RECIBO (RECIBO,NOMBRE,TOTAL,TOTAL_LETRAS,CONCEPTO,EVENTO,IGLESIA,ESTADO_REGISTRO,USUARIO_CREACION,FECHA_CREACION,USUARIO_MODIFICACION,FECHA_MODIFICACION) values (331,'PRIMERO DE JULIO EL VERBO DE DIOS ZONA 5 MIXCO',220,'DOS CIENTOS  VEINTE QUETZALES CON 00/100','OFRENDA DE LA FIESTA FEBRERO 2020',8,7,'A','MFERNANDEZ',to_date('15/02/2020 13:46:40','DD/MM/RRRR HH24:MI:SS'),null,null);
Insert into MET01.MET01_RECIBO (RECIBO,NOMBRE,TOTAL,TOTAL_LETRAS,CONCEPTO,EVENTO,IGLESIA,ESTADO_REGISTRO,USUARIO_CREACION,FECHA_CREACION,USUARIO_MODIFICACION,FECHA_MODIFICACION) values (339,'MAHANAIM EL CHOL BAJA VERAPAZ',250,'DOS CIENTOS  CINCUENTA QUETZALES CON 00/100','OFRENDA DE LA FIESTA FEBRERO 2020',8,73,'A','MFERNANDEZ',to_date('15/02/2020 14:44:29','DD/MM/RRRR HH24:MI:SS'),null,null);
Insert into MET01.MET01_RECIBO (RECIBO,NOMBRE,TOTAL,TOTAL_LETRAS,CONCEPTO,EVENTO,IGLESIA,ESTADO_REGISTRO,USUARIO_CREACION,FECHA_CREACION,USUARIO_MODIFICACION,FECHA_MODIFICACION) values (343,'IGLESIA DE CRISTO LA PROMESA ZONA 14',1000,'MIL QUETZALES CON 00/100','OFRENDA DE LA FIESTA FEBRERO 2020',8,28,'A','MFERNANDEZ',to_date('15/02/2020 15:07:40','DD/MM/RRRR HH24:MI:SS'),null,null);
Insert into MET01.MET01_RECIBO (RECIBO,NOMBRE,TOTAL,TOTAL_LETRAS,CONCEPTO,EVENTO,IGLESIA,ESTADO_REGISTRO,USUARIO_CREACION,FECHA_CREACION,USUARIO_MODIFICACION,FECHA_MODIFICACION) values (359,'JEHOVA JIREH CHUARRANCHO CANTON CENTRAL',225,'DOS CIENTOS  VEINTICINCO QUETZALES CON 00/100','OFRENDA DE LA FIESTA FEBRERO 2020',8,61,'A','MFERNANDEZ',to_date('15/02/2020 15:49:04','DD/MM/RRRR HH24:MI:SS'),null,null);
Insert into MET01.MET01_RECIBO (RECIBO,NOMBRE,TOTAL,TOTAL_LETRAS,CONCEPTO,EVENTO,IGLESIA,ESTADO_REGISTRO,USUARIO_CREACION,FECHA_CREACION,USUARIO_MODIFICACION,FECHA_MODIFICACION) values (360,'OASIS ZONA 18',300,'TRES CIENTOS  QUETZALES CON 00/100','OFRENDA DE LA FIESTA FEBRERO 2020',8,18,'A','MFERNANDEZ',to_date('15/02/2020 15:50:43','DD/MM/RRRR HH24:MI:SS'),null,null);
Insert into MET01.MET01_RECIBO (RECIBO,NOMBRE,TOTAL,TOTAL_LETRAS,CONCEPTO,EVENTO,IGLESIA,ESTADO_REGISTRO,USUARIO_CREACION,FECHA_CREACION,USUARIO_MODIFICACION,FECHA_MODIFICACION) values (283,'ADULAM SAN PEDRO SACATEPEQUEZ',570,'QUINIENTOS SETENTA QUETZALES CON 00/100','OFRENDA DE LA FIESTA DICIEMBRE 2019',7,9,'A','JCATUN',to_date('12/12/2019 10:48:03','DD/MM/RRRR HH24:MI:SS'),null,null);
Insert into MET01.MET01_RECIBO (RECIBO,NOMBRE,TOTAL,TOTAL_LETRAS,CONCEPTO,EVENTO,IGLESIA,ESTADO_REGISTRO,USUARIO_CREACION,FECHA_CREACION,USUARIO_MODIFICACION,FECHA_MODIFICACION) values (284,'REMANENTE ZONA 6',150,'CIENTO CINCUENTA QUETZALES CON 00/100','OFRENDA DE LA FIESTA DICIEMBRE 2019',7,16,'A','JCATUN',to_date('12/12/2019 10:49:22','DD/MM/RRRR HH24:MI:SS'),null,null);
Insert into MET01.MET01_RECIBO (RECIBO,NOMBRE,TOTAL,TOTAL_LETRAS,CONCEPTO,EVENTO,IGLESIA,ESTADO_REGISTRO,USUARIO_CREACION,FECHA_CREACION,USUARIO_MODIFICACION,FECHA_MODIFICACION) values (291,'IGLESIA CRISTO VENDRA SAN CRISTOBAL',950,'NOVECIENTOS CINCUENTA QUETZALES CON 00/100','OFRENDA DE LA FIESTA DICIEMBRE 2019',7,57,'A','JCATUN',to_date('12/12/2019 11:08:29','DD/MM/RRRR HH24:MI:SS'),null,null);
Insert into MET01.MET01_RECIBO (RECIBO,NOMBRE,TOTAL,TOTAL_LETRAS,CONCEPTO,EVENTO,IGLESIA,ESTADO_REGISTRO,USUARIO_CREACION,FECHA_CREACION,USUARIO_MODIFICACION,FECHA_MODIFICACION) values (292,'JESUS REY DE REYES MIXCO',1000,'MIL QUETZALES CON 00/100','OFRENDA DE LA FIESTA DICIEMBRE 2019',7,49,'A','JCATUN',to_date('12/12/2019 11:09:28','DD/MM/RRRR HH24:MI:SS'),null,null);
Insert into MET01.MET01_RECIBO (RECIBO,NOMBRE,TOTAL,TOTAL_LETRAS,CONCEPTO,EVENTO,IGLESIA,ESTADO_REGISTRO,USUARIO_CREACION,FECHA_CREACION,USUARIO_MODIFICACION,FECHA_MODIFICACION) values (293,'IGLESIA PALABRA MIEL COLINAS',50,'CINCUENTA QUETZALES CON 00/100','OFRENDA DE LA FIESTA DICIEMBRE 2019',7,10,'A','JCATUN',to_date('12/12/2019 11:13:26','DD/MM/RRRR HH24:MI:SS'),null,null);
Insert into MET01.MET01_RECIBO (RECIBO,NOMBRE,TOTAL,TOTAL_LETRAS,CONCEPTO,EVENTO,IGLESIA,ESTADO_REGISTRO,USUARIO_CREACION,FECHA_CREACION,USUARIO_MODIFICACION,FECHA_MODIFICACION) values (297,'JEHOVA ES MI PASTOR BOCA DEL MONTE',1000,'MIL QUETZALES CON 00/100','OFRENDA DE LA FIESTA DICIEMBRE 2019',7,63,'A','JCATUN',to_date('12/12/2019 11:35:55','DD/MM/RRRR HH24:MI:SS'),null,null);
Insert into MET01.MET01_RECIBO (RECIBO,NOMBRE,TOTAL,TOTAL_LETRAS,CONCEPTO,EVENTO,IGLESIA,ESTADO_REGISTRO,USUARIO_CREACION,FECHA_CREACION,USUARIO_MODIFICACION,FECHA_MODIFICACION) values (298,'LA ROCA - GRANADOS BAJA VERAPAZ',500,'QUINIENTOS QUETZALES CON 00/100','OFRENDA DE LA FIESTA DICIEMBRE 2019',7,41,'A','JCATUN',to_date('12/12/2019 11:59:23','DD/MM/RRRR HH24:MI:SS'),null,null);
Insert into MET01.MET01_RECIBO (RECIBO,NOMBRE,TOTAL,TOTAL_LETRAS,CONCEPTO,EVENTO,IGLESIA,ESTADO_REGISTRO,USUARIO_CREACION,FECHA_CREACION,USUARIO_MODIFICACION,FECHA_MODIFICACION) values (299,'COMO LA LUZ DE LA AURORA - ZONA 13',350,'TRES CIENTOS  CINCUENTA QUETZALES CON 00/100','OFRENDA DE LA FIESTA DICIEMBRE 2019',7,26,'A','JCATUN',to_date('12/12/2019 12:13:13','DD/MM/RRRR HH24:MI:SS'),null,null);
Insert into MET01.MET01_RECIBO (RECIBO,NOMBRE,TOTAL,TOTAL_LETRAS,CONCEPTO,EVENTO,IGLESIA,ESTADO_REGISTRO,USUARIO_CREACION,FECHA_CREACION,USUARIO_MODIFICACION,FECHA_MODIFICACION) values (300,'TIEMPOS DE REFRIGERIO CATALINA VILLA NUEVA',4000,'CUATRO MIL QUETZALES CON 00/100','OFRENDA DE LA FIESTA DICIEMBRE 2019',7,21,'A','JCATUN',to_date('12/12/2019 12:26:14','DD/MM/RRRR HH24:MI:SS'),null,null);
Insert into MET01.MET01_RECIBO (RECIBO,NOMBRE,TOTAL,TOTAL_LETRAS,CONCEPTO,EVENTO,IGLESIA,ESTADO_REGISTRO,USUARIO_CREACION,FECHA_CREACION,USUARIO_MODIFICACION,FECHA_MODIFICACION) values (311,'GERIZIM TIERRA NUEVA 1',230,'DOS CIENTOS  TREINTA QUETZALES CON 00/100','OFRENDA DE LA FIESTA DICIEMBRE 2019',7,66,'A','JCATUN',to_date('12/12/2019 19:40:44','DD/MM/RRRR HH24:MI:SS'),null,null);
Insert into MET01.MET01_RECIBO (RECIBO,NOMBRE,TOTAL,TOTAL_LETRAS,CONCEPTO,EVENTO,IGLESIA,ESTADO_REGISTRO,USUARIO_CREACION,FECHA_CREACION,USUARIO_MODIFICACION,FECHA_MODIFICACION) values (316,'FUENTE DE GRACIA ZONA 9',900,'NOVECIENTOS QUETZALES CON 00/100','OFRENDA DE LA FIESTA FEBRERO 2020',8,17,'A','MFERNANDEZ',to_date('15/02/2020 11:34:50','DD/MM/RRRR HH24:MI:SS'),null,null);
Insert into MET01.MET01_RECIBO (RECIBO,NOMBRE,TOTAL,TOTAL_LETRAS,CONCEPTO,EVENTO,IGLESIA,ESTADO_REGISTRO,USUARIO_CREACION,FECHA_CREACION,USUARIO_MODIFICACION,FECHA_MODIFICACION) values (322,'COMO LA LUZ DE LA AURORA - ZONA 13',100,'CIEN QUETZALES CON 00/100','OFRENDA DE LA FIESTA FEBRERO 2020',8,26,'A','MFERNANDEZ',to_date('15/02/2020 12:15:41','DD/MM/RRRR HH24:MI:SS'),null,null);
Insert into MET01.MET01_RECIBO (RECIBO,NOMBRE,TOTAL,TOTAL_LETRAS,CONCEPTO,EVENTO,IGLESIA,ESTADO_REGISTRO,USUARIO_CREACION,FECHA_CREACION,USUARIO_MODIFICACION,FECHA_MODIFICACION) values (326,'LA BENDICION ZONA 3 38 CALLE ',100,'CIEN QUETZALES CON 00/100','OFRENDA DE LA FIESTA FEBRERO 2020',8,85,'A','MFERNANDEZ',to_date('15/02/2020 13:19:08','DD/MM/RRRR HH24:MI:SS'),null,null);
Insert into MET01.MET01_RECIBO (RECIBO,NOMBRE,TOTAL,TOTAL_LETRAS,CONCEPTO,EVENTO,IGLESIA,ESTADO_REGISTRO,USUARIO_CREACION,FECHA_CREACION,USUARIO_MODIFICACION,FECHA_MODIFICACION) values (342,'LA VID VERDADERA SANTO TOMAS MILPAS ALTAS',320,'TRES CIENTOS  VEINTE QUETZALES CON 00/100','OFRENDA DE LA FIESTA FEBRERO 2020',8,70,'A','MFERNANDEZ',to_date('15/02/2020 15:00:54','DD/MM/RRRR HH24:MI:SS'),null,null);
Insert into MET01.MET01_RECIBO (RECIBO,NOMBRE,TOTAL,TOTAL_LETRAS,CONCEPTO,EVENTO,IGLESIA,ESTADO_REGISTRO,USUARIO_CREACION,FECHA_CREACION,USUARIO_MODIFICACION,FECHA_MODIFICACION) values (265,'LUGAR DE REPOSO - EL CARMEN',500,'QUINIENTOS QUETZALES CON 00/100','OFRENDA DE LA FIESTA MAYO 2019',6,29,'A','MFERNANDEZ',to_date('11/05/2019 11:36:52','DD/MM/RRRR HH24:MI:SS'),null,null);
Insert into MET01.MET01_RECIBO (RECIBO,NOMBRE,TOTAL,TOTAL_LETRAS,CONCEPTO,EVENTO,IGLESIA,ESTADO_REGISTRO,USUARIO_CREACION,FECHA_CREACION,USUARIO_MODIFICACION,FECHA_MODIFICACION) values (266,'TIEMPOS DE REFRIGERIO CATALINA VILLA NUEVA',1200,'MIL DOS CIENTOS  QUETZALES CON 00/100','OFRENDA DE LA FIESTA MAYO 2019',6,21,'A','MFERNANDEZ',to_date('11/05/2019 11:49:35','DD/MM/RRRR HH24:MI:SS'),null,null);
Insert into MET01.MET01_RECIBO (RECIBO,NOMBRE,TOTAL,TOTAL_LETRAS,CONCEPTO,EVENTO,IGLESIA,ESTADO_REGISTRO,USUARIO_CREACION,FECHA_CREACION,USUARIO_MODIFICACION,FECHA_MODIFICACION) values (267,'FUENTE DE AGUA VIVA ZONA 17',500,'QUINIENTOS QUETZALES CON 00/100','OFRENDA DE LA FIESTA MAYO 2019',6,19,'A','MFERNANDEZ',to_date('11/05/2019 11:51:41','DD/MM/RRRR HH24:MI:SS'),null,null);
Insert into MET01.MET01_RECIBO (RECIBO,NOMBRE,TOTAL,TOTAL_LETRAS,CONCEPTO,EVENTO,IGLESIA,ESTADO_REGISTRO,USUARIO_CREACION,FECHA_CREACION,USUARIO_MODIFICACION,FECHA_MODIFICACION) values (268,'SANTO CORDERO CIUDAD SATELITE',418,'CUATRO CIENTOS  DIECIOCHO QUETZALES CON 00/100','OFRENDA DE LA FIESTA MAYO 2019',6,76,'A','MFERNANDEZ',to_date('11/05/2019 11:54:25','DD/MM/RRRR HH24:MI:SS'),null,null);
Insert into MET01.MET01_RECIBO (RECIBO,NOMBRE,TOTAL,TOTAL_LETRAS,CONCEPTO,EVENTO,IGLESIA,ESTADO_REGISTRO,USUARIO_CREACION,FECHA_CREACION,USUARIO_MODIFICACION,FECHA_MODIFICACION) values (269,'JESUS REY DE REYES MIXCO',1000,'MIL QUETZALES CON 00/100','OFRENDA DE LA FIESTA MAYO 2019',6,49,'A','MFERNANDEZ',to_date('11/05/2019 12:15:11','DD/MM/RRRR HH24:MI:SS'),null,null);
Insert into MET01.MET01_RECIBO (RECIBO,NOMBRE,TOTAL,TOTAL_LETRAS,CONCEPTO,EVENTO,IGLESIA,ESTADO_REGISTRO,USUARIO_CREACION,FECHA_CREACION,USUARIO_MODIFICACION,FECHA_MODIFICACION) values (270,'PALABRA MIEL ADONAI ALDEA LAS DANTAS',200,'DOS CIENTOS  QUETZALES CON 00/100','OFRENDA DE LA FIESTA MAYO 2019',6,78,'A','MFERNANDEZ',to_date('11/05/2019 12:26:15','DD/MM/RRRR HH24:MI:SS'),null,null);
Insert into MET01.MET01_RECIBO (RECIBO,NOMBRE,TOTAL,TOTAL_LETRAS,CONCEPTO,EVENTO,IGLESIA,ESTADO_REGISTRO,USUARIO_CREACION,FECHA_CREACION,USUARIO_MODIFICACION,FECHA_MODIFICACION) values (271,'IGLESIA PALABRA MIEL COLINAS',600,'SEIS CIENTOS  QUETZALES CON 00/100','OFRENDA DE LA FIESTA MAYO 2019',6,10,'A','MFERNANDEZ',to_date('11/05/2019 12:50:05','DD/MM/RRRR HH24:MI:SS'),null,null);
Insert into MET01.MET01_RECIBO (RECIBO,NOMBRE,TOTAL,TOTAL_LETRAS,CONCEPTO,EVENTO,IGLESIA,ESTADO_REGISTRO,USUARIO_CREACION,FECHA_CREACION,USUARIO_MODIFICACION,FECHA_MODIFICACION) values (282,'LA ROCA FIRME - TIERRA NUEVA 2',120,'CIENTO VEINTE QUETZALES CON 00/100','OFRENDA DE LA FIESTA DICIEMBRE 2019',7,1,'A','JCATUN',to_date('12/12/2019 10:43:25','DD/MM/RRRR HH24:MI:SS'),null,null);
Insert into MET01.MET01_RECIBO (RECIBO,NOMBRE,TOTAL,TOTAL_LETRAS,CONCEPTO,EVENTO,IGLESIA,ESTADO_REGISTRO,USUARIO_CREACION,FECHA_CREACION,USUARIO_MODIFICACION,FECHA_MODIFICACION) values (296,'IGLESIA DE CRISTO LA PROMESA ZONA 14',1000,'MIL QUETZALES CON 00/100','OFRENDA DE LA FIESTA DICIEMBRE 2019',7,28,'A','JCATUN',to_date('12/12/2019 11:33:43','DD/MM/RRRR HH24:MI:SS'),null,null);
Insert into MET01.MET01_RECIBO (RECIBO,NOMBRE,TOTAL,TOTAL_LETRAS,CONCEPTO,EVENTO,IGLESIA,ESTADO_REGISTRO,USUARIO_CREACION,FECHA_CREACION,USUARIO_MODIFICACION,FECHA_MODIFICACION) values (303,'PUEBLO DE DIOS SAN ANTONIO LAS FLORES CHINAUTLA',100,'CIEN QUETZALES CON 00/100','OFRENDA DE LA FIESTA DICIEMBRE 2019',7,82,'A','JCATUN',to_date('12/12/2019 12:34:27','DD/MM/RRRR HH24:MI:SS'),null,null);
Insert into MET01.MET01_RECIBO (RECIBO,NOMBRE,TOTAL,TOTAL_LETRAS,CONCEPTO,EVENTO,IGLESIA,ESTADO_REGISTRO,USUARIO_CREACION,FECHA_CREACION,USUARIO_MODIFICACION,FECHA_MODIFICACION) values (307,'REY DE GRACIA - CIUDAD QUETZAL',960,'NOVECIENTOS SESENTA QUETZALES CON 00/100','OFRENDA DE LA FIESTA DICIEMBRE 2019',7,40,'A','JCATUN',to_date('12/12/2019 14:51:52','DD/MM/RRRR HH24:MI:SS'),null,null);
Insert into MET01.MET01_RECIBO (RECIBO,NOMBRE,TOTAL,TOTAL_LETRAS,CONCEPTO,EVENTO,IGLESIA,ESTADO_REGISTRO,USUARIO_CREACION,FECHA_CREACION,USUARIO_MODIFICACION,FECHA_MODIFICACION) values (344,'SANTO CORDERO CIUDAD SATELITE',640,'SEIS CIENTOS  CUARENTA QUETZALES CON 00/100','OFRENDA DE LA FIESTA FEBRERO 2020',8,76,'A','MFERNANDEZ',to_date('15/02/2020 15:10:24','DD/MM/RRRR HH24:MI:SS'),null,null);
Insert into MET01.MET01_RECIBO (RECIBO,NOMBRE,TOTAL,TOTAL_LETRAS,CONCEPTO,EVENTO,IGLESIA,ESTADO_REGISTRO,USUARIO_CREACION,FECHA_CREACION,USUARIO_MODIFICACION,FECHA_MODIFICACION) values (358,'CASA DE ADORACION SAN LUCAS SACATEPEQUEZ',300,'TRES CIENTOS  QUETZALES CON 00/100','OFRENDA DE LA FIESTA FEBRERO 2020',8,38,'A','MFERNANDEZ',to_date('15/02/2020 15:47:07','DD/MM/RRRR HH24:MI:SS'),null,null);
Insert into MET01.MET01_RECIBO (RECIBO,NOMBRE,TOTAL,TOTAL_LETRAS,CONCEPTO,EVENTO,IGLESIA,ESTADO_REGISTRO,USUARIO_CREACION,FECHA_CREACION,USUARIO_MODIFICACION,FECHA_MODIFICACION) values (261,'EL PAJON - KM 18 SANTA CATARINA PINULA',1000,'MIL QUETZALES CON 00/100','OFRENDA DE LA FIESTA MAYO 2019',6,32,'A','MFERNANDEZ',to_date('11/05/2019 11:29:46','DD/MM/RRRR HH24:MI:SS'),null,null);
Insert into MET01.MET01_RECIBO (RECIBO,NOMBRE,TOTAL,TOTAL_LETRAS,CONCEPTO,EVENTO,IGLESIA,ESTADO_REGISTRO,USUARIO_CREACION,FECHA_CREACION,USUARIO_MODIFICACION,FECHA_MODIFICACION) values (262,'BELEN DE JUDA BARCENAS VILLA NUEVA',600,'SEIS CIENTOS  QUETZALES CON 00/100','OFRENDA DE LA FIESTA MAYO 2019',6,22,'A','MFERNANDEZ',to_date('11/05/2019 11:31:03','DD/MM/RRRR HH24:MI:SS'),null,null);
Insert into MET01.MET01_RECIBO (RECIBO,NOMBRE,TOTAL,TOTAL_LETRAS,CONCEPTO,EVENTO,IGLESIA,ESTADO_REGISTRO,USUARIO_CREACION,FECHA_CREACION,USUARIO_MODIFICACION,FECHA_MODIFICACION) values (263,'IGLESIA DE JESUCRISTO PALABRA MIEL JESUS FUENTE DE VIDA ZONA 3 SAN JOSE PINULA ',200,'DOS CIENTOS  QUETZALES CON 00/100','OFRENDA DE LA FIESTA MAYO 2019',6,81,'A','MFERNANDEZ',to_date('11/05/2019 11:32:06','DD/MM/RRRR HH24:MI:SS'),null,null);
Insert into MET01.MET01_RECIBO (RECIBO,NOMBRE,TOTAL,TOTAL_LETRAS,CONCEPTO,EVENTO,IGLESIA,ESTADO_REGISTRO,USUARIO_CREACION,FECHA_CREACION,USUARIO_MODIFICACION,FECHA_MODIFICACION) values (272,'RIOS DE AGUA VIVA - ZONA 1',330,'TRES CIENTOS  TREINTA QUETZALES CON 00/100','OFRENDA DE LA FIESTA DICIEMBRE 2019',7,15,'A','JCATUN',to_date('12/12/2019 10:00:19','DD/MM/RRRR HH24:MI:SS'),null,null);
Insert into MET01.MET01_RECIBO (RECIBO,NOMBRE,TOTAL,TOTAL_LETRAS,CONCEPTO,EVENTO,IGLESIA,ESTADO_REGISTRO,USUARIO_CREACION,FECHA_CREACION,USUARIO_MODIFICACION,FECHA_MODIFICACION) values (273,'LUGAR DE REPOSO - EL CARMEN',500,'QUINIENTOS QUETZALES CON 00/100','OFRENDA DE LA FIESTA DICIEMBRE 2019',7,29,'A','JCATUN',to_date('12/12/2019 10:03:21','DD/MM/RRRR HH24:MI:SS'),null,null);
Insert into MET01.MET01_RECIBO (RECIBO,NOMBRE,TOTAL,TOTAL_LETRAS,CONCEPTO,EVENTO,IGLESIA,ESTADO_REGISTRO,USUARIO_CREACION,FECHA_CREACION,USUARIO_MODIFICACION,FECHA_MODIFICACION) values (274,'IGLESIA PALABRA MIEL COLINAS',800,'OCHO CIENTOS  QUETZALES CON 00/100','OFRENDA DE LA FIESTA DICIEMBRE 2019',7,10,'A','JCATUN',to_date('12/12/2019 10:12:48','DD/MM/RRRR HH24:MI:SS'),null,null);
Insert into MET01.MET01_RECIBO (RECIBO,NOMBRE,TOTAL,TOTAL_LETRAS,CONCEPTO,EVENTO,IGLESIA,ESTADO_REGISTRO,USUARIO_CREACION,FECHA_CREACION,USUARIO_MODIFICACION,FECHA_MODIFICACION) values (275,'REY DE PAZ MIXCO SAN JACINTO',805,'OCHO CIENTOS  CINCO QUETZALES CON 00/100','OFRENDA DE LA FIESTA DICIEMBRE 2019',7,2,'A','JCATUN',to_date('12/12/2019 10:27:30','DD/MM/RRRR HH24:MI:SS'),null,null);
Insert into MET01.MET01_RECIBO (RECIBO,NOMBRE,TOTAL,TOTAL_LETRAS,CONCEPTO,EVENTO,IGLESIA,ESTADO_REGISTRO,USUARIO_CREACION,FECHA_CREACION,USUARIO_MODIFICACION,FECHA_MODIFICACION) values (276,'SUMPANGO - SACATEPEQUEZ',300,'TRES CIENTOS  QUETZALES CON 00/100','OFRENDA DE LA FIESTA DICIEMBRE 2019',7,39,'A','JCATUN',to_date('12/12/2019 10:29:41','DD/MM/RRRR HH24:MI:SS'),null,null);
Insert into MET01.MET01_RECIBO (RECIBO,NOMBRE,TOTAL,TOTAL_LETRAS,CONCEPTO,EVENTO,IGLESIA,ESTADO_REGISTRO,USUARIO_CREACION,FECHA_CREACION,USUARIO_MODIFICACION,FECHA_MODIFICACION) values (286,'MONTE SION SAJCAVILLA SAN JUAN SACATEPEQUEZ',300,'TRES CIENTOS  QUETZALES CON 00/100','OFRENDA DE LA FIESTA DICIEMBRE 2019',7,6,'A','JCATUN',to_date('12/12/2019 10:51:57','DD/MM/RRRR HH24:MI:SS'),null,null);
Insert into MET01.MET01_RECIBO (RECIBO,NOMBRE,TOTAL,TOTAL_LETRAS,CONCEPTO,EVENTO,IGLESIA,ESTADO_REGISTRO,USUARIO_CREACION,FECHA_CREACION,USUARIO_MODIFICACION,FECHA_MODIFICACION) values (312,'REY DE PAZ MIXCO SAN JACINTO',450,'CUATRO CIENTOS  CINCUENTA QUETZALES CON 00/100','OFRENDA DE LA FIESTA DICIEMBRE 2019',7,2,'A','JCATUN',to_date('13/12/2019 22:41:45','DD/MM/RRRR HH24:MI:SS'),null,null);
Insert into MET01.MET01_RECIBO (RECIBO,NOMBRE,TOTAL,TOTAL_LETRAS,CONCEPTO,EVENTO,IGLESIA,ESTADO_REGISTRO,USUARIO_CREACION,FECHA_CREACION,USUARIO_MODIFICACION,FECHA_MODIFICACION) values (313,'SEÑOR Y REY PERONIA',780,'SETECIENTOS OCHENTA QUETZALES CON 00/100','OFRENDA DE LA FIESTA DICIEMBRE 2019',7,11,'A','JCATUN',to_date('13/12/2019 22:44:34','DD/MM/RRRR HH24:MI:SS'),null,null);
Insert into MET01.MET01_RECIBO (RECIBO,NOMBRE,TOTAL,TOTAL_LETRAS,CONCEPTO,EVENTO,IGLESIA,ESTADO_REGISTRO,USUARIO_CREACION,FECHA_CREACION,USUARIO_MODIFICACION,FECHA_MODIFICACION) values (314,'PALABRA MIEL ZONA 8',755,'SETECIENTOS CINCUENTA Y CINCO QUETZALES CON 00/100','OFRENDA DE LA FIESTA DICIEMBRE 2019',7,75,'A','JCATUN',to_date('13/12/2019 22:46:28','DD/MM/RRRR HH24:MI:SS'),null,null);
Insert into MET01.MET01_RECIBO (RECIBO,NOMBRE,TOTAL,TOTAL_LETRAS,CONCEPTO,EVENTO,IGLESIA,ESTADO_REGISTRO,USUARIO_CREACION,FECHA_CREACION,USUARIO_MODIFICACION,FECHA_MODIFICACION) values (340,'MAHANAIM LA FLORIDA ZONA 19',200,'DOS CIENTOS  QUETZALES CON 00/100','OFRENDA DE LA FIESTA FEBRERO 2020',8,74,'A','MFERNANDEZ',to_date('15/02/2020 14:46:54','DD/MM/RRRR HH24:MI:SS'),null,null);
Insert into MET01.MET01_RECIBO (RECIBO,NOMBRE,TOTAL,TOTAL_LETRAS,CONCEPTO,EVENTO,IGLESIA,ESTADO_REGISTRO,USUARIO_CREACION,FECHA_CREACION,USUARIO_MODIFICACION,FECHA_MODIFICACION) values (280,'LA VID VERDADERA SANTO TOMAS MILPAS ALTAS',385,'TRES CIENTOS  OCHENTA Y CINCO QUETZALES CON 00/100','OFRENDA DE LA FIESTA DICIEMBRE 2019',7,70,'A','JCATUN',to_date('12/12/2019 10:39:32','DD/MM/RRRR HH24:MI:SS'),null,null);
Insert into MET01.MET01_RECIBO (RECIBO,NOMBRE,TOTAL,TOTAL_LETRAS,CONCEPTO,EVENTO,IGLESIA,ESTADO_REGISTRO,USUARIO_CREACION,FECHA_CREACION,USUARIO_MODIFICACION,FECHA_MODIFICACION) values (281,'CRISTO FIEL Y VERDADERO LO DE FUENTES',500,'QUINIENTOS QUETZALES CON 00/100','OFRENDA DE LA FIESTA DICIEMBRE 2019',7,8,'A','JCATUN',to_date('12/12/2019 10:41:25','DD/MM/RRRR HH24:MI:SS'),null,null);
Insert into MET01.MET01_RECIBO (RECIBO,NOMBRE,TOTAL,TOTAL_LETRAS,CONCEPTO,EVENTO,IGLESIA,ESTADO_REGISTRO,USUARIO_CREACION,FECHA_CREACION,USUARIO_MODIFICACION,FECHA_MODIFICACION) values (289,'PAN DEL CIELO EL BUCARO',500,'QUINIENTOS QUETZALES CON 00/100','OFRENDA DE LA FIESTA DICIEMBRE 2019',7,62,'A','JCATUN',to_date('12/12/2019 10:58:10','DD/MM/RRRR HH24:MI:SS'),null,null);
Insert into MET01.MET01_RECIBO (RECIBO,NOMBRE,TOTAL,TOTAL_LETRAS,CONCEPTO,EVENTO,IGLESIA,ESTADO_REGISTRO,USUARIO_CREACION,FECHA_CREACION,USUARIO_MODIFICACION,FECHA_MODIFICACION) values (302,'ODRES NUEVOS - AMATITLAN',1000,'MIL QUETZALES CON 00/100','OFRENDA DE LA FIESTA DICIEMBRE 2019',7,20,'A','JCATUN',to_date('12/12/2019 12:30:54','DD/MM/RRRR HH24:MI:SS'),null,null);
REM INSERTING into MET01.MET01_RECIBO_OFICINA
SET DEFINE OFF;
Insert into MET01.MET01_RECIBO_OFICINA (RECIBO,RECIBO_OFICINA,NOMBRE,TOTAL,TOTAL_LETRAS,CONCEPTO,EVENTO,IGLESIA,ESTADO_REGISTRO,USUARIO_CREACION,FECHA_CREACION,USUARIO_MODIFICACION,FECHA_MODIFICACION) values (106,'26462526','CRISTO SIEMPRE VICTORIOSO SAN FRANCISCO LAS LOMAS SAN JUAN SACATEPEQUEZ',200,'DOS CIENTOS  QUETZALES CON 00/100','OFRENDA DE LA FIESTA NOVIEMBRE 2018',4,42,'A','MFERNANDEZ',to_date('03/11/2018 08:38:55','DD/MM/RRRR HH24:MI:SS'),null,null);
REM INSERTING into MET01.MET01_REGION
SET DEFINE OFF;
Insert into MET01.MET01_REGION (REGION,NOMBRE,ESTADO_REGISTRO,USUARIO_CREACION,FECHA_CREACION,USUARIO_MODIFICACION,FECHA_MODIFICACION) values (3,'REGION 3','A','MET01',to_date('26/04/2018 00:00:00','DD/MM/RRRR HH24:MI:SS'),null,null);
Insert into MET01.MET01_REGION (REGION,NOMBRE,ESTADO_REGISTRO,USUARIO_CREACION,FECHA_CREACION,USUARIO_MODIFICACION,FECHA_MODIFICACION) values (4,'REGION 4','A','MET01',to_date('26/04/2018 00:00:00','DD/MM/RRRR HH24:MI:SS'),null,null);
Insert into MET01.MET01_REGION (REGION,NOMBRE,ESTADO_REGISTRO,USUARIO_CREACION,FECHA_CREACION,USUARIO_MODIFICACION,FECHA_MODIFICACION) values (5,'REGION 5','A','MET01',to_date('26/04/2018 00:00:00','DD/MM/RRRR HH24:MI:SS'),null,null);
Insert into MET01.MET01_REGION (REGION,NOMBRE,ESTADO_REGISTRO,USUARIO_CREACION,FECHA_CREACION,USUARIO_MODIFICACION,FECHA_MODIFICACION) values (6,'REGION 6','A','MET01',to_date('26/04/2018 00:00:00','DD/MM/RRRR HH24:MI:SS'),null,null);
Insert into MET01.MET01_REGION (REGION,NOMBRE,ESTADO_REGISTRO,USUARIO_CREACION,FECHA_CREACION,USUARIO_MODIFICACION,FECHA_MODIFICACION) values (0,'PENDIENTE','A','MET01',to_date('26/04/2018 00:00:00','DD/MM/RRRR HH24:MI:SS'),null,null);
Insert into MET01.MET01_REGION (REGION,NOMBRE,ESTADO_REGISTRO,USUARIO_CREACION,FECHA_CREACION,USUARIO_MODIFICACION,FECHA_MODIFICACION) values (1,'REGION 1','A','MET01',to_date('26/04/2018 00:00:00','DD/MM/RRRR HH24:MI:SS'),null,null);
Insert into MET01.MET01_REGION (REGION,NOMBRE,ESTADO_REGISTRO,USUARIO_CREACION,FECHA_CREACION,USUARIO_MODIFICACION,FECHA_MODIFICACION) values (2,'REGION 2','A','MET01',to_date('26/04/2018 00:00:00','DD/MM/RRRR HH24:MI:SS'),null,null);
REM INSERTING into MET01.MET01_TIPO_USUARIO
SET DEFINE OFF;
Insert into MET01.MET01_TIPO_USUARIO (TIPO_USUARIO,DESCRIPCION,ESTADO_REGISTRO,USUARIO_CREACION,FECHA_CREACION,USUARIO_MODIFICACION,FECHA_MODIFICACION) values (1,'ADMINISTRADOR','A','MET01',to_date('27/04/2018 00:00:00','DD/MM/RRRR HH24:MI:SS'),null,null);
Insert into MET01.MET01_TIPO_USUARIO (TIPO_USUARIO,DESCRIPCION,ESTADO_REGISTRO,USUARIO_CREACION,FECHA_CREACION,USUARIO_MODIFICACION,FECHA_MODIFICACION) values (2,'OPERADOR','A','MET01',to_date('27/04/2018 00:00:00','DD/MM/RRRR HH24:MI:SS'),null,null);
REM INSERTING into MET01.MET01_USUARIO
SET DEFINE OFF;
Insert into MET01.MET01_USUARIO (USUARIO,TIPO_USUARIO,NOMBRE,DESCRIPCION,PASSWORD,EMAIL,ESTADO_REGISTRO,USUARIO_CREACION,FECHA_CREACION,USUARIO_MODIFICACION,FECHA_MODIFICACION) values ('JCATUN',2,'Jose Catun','Operador de Recibos',null,null,'A','MET01',to_date('25/08/2018 07:50:14','DD/MM/RRRR HH24:MI:SS'),null,null);
Insert into MET01.MET01_USUARIO (USUARIO,TIPO_USUARIO,NOMBRE,DESCRIPCION,PASSWORD,EMAIL,ESTADO_REGISTRO,USUARIO_CREACION,FECHA_CREACION,USUARIO_MODIFICACION,FECHA_MODIFICACION) values ('ERYOL',2,'Erik Yol','Operador de Recibos',null,null,'B','MET01',to_date('27/04/2018 00:00:00','DD/MM/RRRR HH24:MI:SS'),null,null);
Insert into MET01.MET01_USUARIO (USUARIO,TIPO_USUARIO,NOMBRE,DESCRIPCION,PASSWORD,EMAIL,ESTADO_REGISTRO,USUARIO_CREACION,FECHA_CREACION,USUARIO_MODIFICACION,FECHA_MODIFICACION) values ('OLEMUS',2,'Osman Lemus','Operador de Recibos',null,null,'B','MET01',to_date('27/04/2018 00:00:00','DD/MM/RRRR HH24:MI:SS'),null,null);
Insert into MET01.MET01_USUARIO (USUARIO,TIPO_USUARIO,NOMBRE,DESCRIPCION,PASSWORD,EMAIL,ESTADO_REGISTRO,USUARIO_CREACION,FECHA_CREACION,USUARIO_MODIFICACION,FECHA_MODIFICACION) values ('PROSALES',2,'Paola Rosales','Operador de Recibos',null,null,'B','MET01',to_date('27/04/2018 00:00:00','DD/MM/RRRR HH24:MI:SS'),null,null);
Insert into MET01.MET01_USUARIO (USUARIO,TIPO_USUARIO,NOMBRE,DESCRIPCION,PASSWORD,EMAIL,ESTADO_REGISTRO,USUARIO_CREACION,FECHA_CREACION,USUARIO_MODIFICACION,FECHA_MODIFICACION) values ('MFERNANDEZ',2,'Marco Fernandez','Operador de Recibos',null,null,'A','MET01',to_date('03/11/2018 14:11:55','DD/MM/RRRR HH24:MI:SS'),null,null);
--------------------------------------------------------
--  DDL for Index PK_COR
--------------------------------------------------------

  CREATE UNIQUE INDEX "MET01"."PK_COR" ON "MET01"."MET01_CORRELATIVO" ("CORRELATIVO") 
  PCTFREE 10 INITRANS 2 MAXTRANS 255 COMPUTE STATISTICS 
  STORAGE(INITIAL 65536 NEXT 1048576 MINEXTENTS 1 MAXEXTENTS 2147483645
  PCTINCREASE 0 FREELISTS 1 FREELIST GROUPS 1 BUFFER_POOL DEFAULT FLASH_CACHE DEFAULT CELL_FLASH_CACHE DEFAULT)
  TABLESPACE "TBSAPPJVMETRO" ;
--------------------------------------------------------
--  DDL for Index PK_ENC
--------------------------------------------------------

  CREATE UNIQUE INDEX "MET01"."PK_ENC" ON "MET01"."MET01_ENCARGADO" ("ENCARGADO") 
  PCTFREE 10 INITRANS 2 MAXTRANS 255 COMPUTE STATISTICS 
  STORAGE(INITIAL 65536 NEXT 1048576 MINEXTENTS 1 MAXEXTENTS 2147483645
  PCTINCREASE 0 FREELISTS 1 FREELIST GROUPS 1 BUFFER_POOL DEFAULT FLASH_CACHE DEFAULT CELL_FLASH_CACHE DEFAULT)
  TABLESPACE "TBSAPPJVMETRO" ;
--------------------------------------------------------
--  DDL for Index PK_EVE
--------------------------------------------------------

  CREATE UNIQUE INDEX "MET01"."PK_EVE" ON "MET01"."MET01_EVENTO" ("EVENTO") 
  PCTFREE 10 INITRANS 2 MAXTRANS 255 COMPUTE STATISTICS 
  STORAGE(INITIAL 65536 NEXT 1048576 MINEXTENTS 1 MAXEXTENTS 2147483645
  PCTINCREASE 0 FREELISTS 1 FREELIST GROUPS 1 BUFFER_POOL DEFAULT FLASH_CACHE DEFAULT CELL_FLASH_CACHE DEFAULT)
  TABLESPACE "TBSAPPJVMETRO" ;
--------------------------------------------------------
--  DDL for Index PK_IGLE
--------------------------------------------------------

  CREATE UNIQUE INDEX "MET01"."PK_IGLE" ON "MET01"."MET01_IGLESIA" ("IGLESIA") 
  PCTFREE 10 INITRANS 2 MAXTRANS 255 COMPUTE STATISTICS 
  STORAGE(INITIAL 65536 NEXT 1048576 MINEXTENTS 1 MAXEXTENTS 2147483645
  PCTINCREASE 0 FREELISTS 1 FREELIST GROUPS 1 BUFFER_POOL DEFAULT FLASH_CACHE DEFAULT CELL_FLASH_CACHE DEFAULT)
  TABLESPACE "TBSAPPJVMETRO" ;
--------------------------------------------------------
--  DDL for Index PK_PASTOR
--------------------------------------------------------

  CREATE UNIQUE INDEX "MET01"."PK_PASTOR" ON "MET01"."MET01_PASTOR" ("PASTOR") 
  PCTFREE 10 INITRANS 2 MAXTRANS 255 COMPUTE STATISTICS 
  STORAGE(INITIAL 65536 NEXT 1048576 MINEXTENTS 1 MAXEXTENTS 2147483645
  PCTINCREASE 0 FREELISTS 1 FREELIST GROUPS 1 BUFFER_POOL DEFAULT FLASH_CACHE DEFAULT CELL_FLASH_CACHE DEFAULT)
  TABLESPACE "TBSAPPJVMETRO" ;
--------------------------------------------------------
--  DDL for Index PK_REC
--------------------------------------------------------

  CREATE UNIQUE INDEX "MET01"."PK_REC" ON "MET01"."MET01_RECIBO" ("RECIBO") 
  PCTFREE 10 INITRANS 2 MAXTRANS 255 COMPUTE STATISTICS 
  STORAGE(INITIAL 65536 NEXT 1048576 MINEXTENTS 1 MAXEXTENTS 2147483645
  PCTINCREASE 0 FREELISTS 1 FREELIST GROUPS 1 BUFFER_POOL DEFAULT FLASH_CACHE DEFAULT CELL_FLASH_CACHE DEFAULT)
  TABLESPACE "TBSAPPJVMETRO" ;
--------------------------------------------------------
--  DDL for Index PK_REC_OFI
--------------------------------------------------------

  CREATE UNIQUE INDEX "MET01"."PK_REC_OFI" ON "MET01"."MET01_RECIBO_OFICINA" ("RECIBO") 
  PCTFREE 10 INITRANS 2 MAXTRANS 255 COMPUTE STATISTICS 
  STORAGE(INITIAL 65536 NEXT 1048576 MINEXTENTS 1 MAXEXTENTS 2147483645
  PCTINCREASE 0 FREELISTS 1 FREELIST GROUPS 1 BUFFER_POOL DEFAULT FLASH_CACHE DEFAULT CELL_FLASH_CACHE DEFAULT)
  TABLESPACE "TBSAPPJVMETRO" ;
--------------------------------------------------------
--  DDL for Index PK_REG
--------------------------------------------------------

  CREATE UNIQUE INDEX "MET01"."PK_REG" ON "MET01"."MET01_REGION" ("REGION") 
  PCTFREE 10 INITRANS 2 MAXTRANS 255 COMPUTE STATISTICS 
  STORAGE(INITIAL 65536 NEXT 1048576 MINEXTENTS 1 MAXEXTENTS 2147483645
  PCTINCREASE 0 FREELISTS 1 FREELIST GROUPS 1 BUFFER_POOL DEFAULT FLASH_CACHE DEFAULT CELL_FLASH_CACHE DEFAULT)
  TABLESPACE "TBSAPPJVMETRO" ;
--------------------------------------------------------
--  DDL for Index PK_TIUS
--------------------------------------------------------

  CREATE UNIQUE INDEX "MET01"."PK_TIUS" ON "MET01"."MET01_TIPO_USUARIO" ("TIPO_USUARIO") 
  PCTFREE 10 INITRANS 2 MAXTRANS 255 COMPUTE STATISTICS 
  STORAGE(INITIAL 65536 NEXT 1048576 MINEXTENTS 1 MAXEXTENTS 2147483645
  PCTINCREASE 0 FREELISTS 1 FREELIST GROUPS 1 BUFFER_POOL DEFAULT FLASH_CACHE DEFAULT CELL_FLASH_CACHE DEFAULT)
  TABLESPACE "TBSAPPJVMETRO" ;
--------------------------------------------------------
--  DDL for Index PK_USUARIO
--------------------------------------------------------

  CREATE UNIQUE INDEX "MET01"."PK_USUARIO" ON "MET01"."MET01_USUARIO" ("USUARIO") 
  PCTFREE 10 INITRANS 2 MAXTRANS 255 COMPUTE STATISTICS 
  STORAGE(INITIAL 65536 NEXT 1048576 MINEXTENTS 1 MAXEXTENTS 2147483645
  PCTINCREASE 0 FREELISTS 1 FREELIST GROUPS 1 BUFFER_POOL DEFAULT FLASH_CACHE DEFAULT CELL_FLASH_CACHE DEFAULT)
  TABLESPACE "TBSAPPJVMETRO" ;
--------------------------------------------------------
--  Constraints for Table MET01_CORRELATIVO
--------------------------------------------------------

  ALTER TABLE "MET01"."MET01_CORRELATIVO" ADD CONSTRAINT "PK_COR" PRIMARY KEY ("CORRELATIVO")
  USING INDEX PCTFREE 10 INITRANS 2 MAXTRANS 255 COMPUTE STATISTICS 
  STORAGE(INITIAL 65536 NEXT 1048576 MINEXTENTS 1 MAXEXTENTS 2147483645
  PCTINCREASE 0 FREELISTS 1 FREELIST GROUPS 1 BUFFER_POOL DEFAULT FLASH_CACHE DEFAULT CELL_FLASH_CACHE DEFAULT)
  TABLESPACE "TBSAPPJVMETRO"  ENABLE;
--------------------------------------------------------
--  Constraints for Table MET01_ENCARGADO
--------------------------------------------------------

  ALTER TABLE "MET01"."MET01_ENCARGADO" ADD CONSTRAINT "PK_ENC" PRIMARY KEY ("ENCARGADO")
  USING INDEX PCTFREE 10 INITRANS 2 MAXTRANS 255 COMPUTE STATISTICS 
  STORAGE(INITIAL 65536 NEXT 1048576 MINEXTENTS 1 MAXEXTENTS 2147483645
  PCTINCREASE 0 FREELISTS 1 FREELIST GROUPS 1 BUFFER_POOL DEFAULT FLASH_CACHE DEFAULT CELL_FLASH_CACHE DEFAULT)
  TABLESPACE "TBSAPPJVMETRO"  ENABLE;
--------------------------------------------------------
--  Constraints for Table MET01_EVENTO
--------------------------------------------------------

  ALTER TABLE "MET01"."MET01_EVENTO" ADD CONSTRAINT "PK_EVE" PRIMARY KEY ("EVENTO")
  USING INDEX PCTFREE 10 INITRANS 2 MAXTRANS 255 COMPUTE STATISTICS 
  STORAGE(INITIAL 65536 NEXT 1048576 MINEXTENTS 1 MAXEXTENTS 2147483645
  PCTINCREASE 0 FREELISTS 1 FREELIST GROUPS 1 BUFFER_POOL DEFAULT FLASH_CACHE DEFAULT CELL_FLASH_CACHE DEFAULT)
  TABLESPACE "TBSAPPJVMETRO"  ENABLE;
--------------------------------------------------------
--  Constraints for Table MET01_IGLESIA
--------------------------------------------------------

  ALTER TABLE "MET01"."MET01_IGLESIA" ADD CONSTRAINT "PK_IGLE" PRIMARY KEY ("IGLESIA")
  USING INDEX PCTFREE 10 INITRANS 2 MAXTRANS 255 COMPUTE STATISTICS 
  STORAGE(INITIAL 65536 NEXT 1048576 MINEXTENTS 1 MAXEXTENTS 2147483645
  PCTINCREASE 0 FREELISTS 1 FREELIST GROUPS 1 BUFFER_POOL DEFAULT FLASH_CACHE DEFAULT CELL_FLASH_CACHE DEFAULT)
  TABLESPACE "TBSAPPJVMETRO"  ENABLE;
--------------------------------------------------------
--  Constraints for Table MET01_PASTOR
--------------------------------------------------------

  ALTER TABLE "MET01"."MET01_PASTOR" ADD CONSTRAINT "PK_PASTOR" PRIMARY KEY ("PASTOR")
  USING INDEX PCTFREE 10 INITRANS 2 MAXTRANS 255 COMPUTE STATISTICS 
  STORAGE(INITIAL 65536 NEXT 1048576 MINEXTENTS 1 MAXEXTENTS 2147483645
  PCTINCREASE 0 FREELISTS 1 FREELIST GROUPS 1 BUFFER_POOL DEFAULT FLASH_CACHE DEFAULT CELL_FLASH_CACHE DEFAULT)
  TABLESPACE "TBSAPPJVMETRO"  ENABLE;
--------------------------------------------------------
--  Constraints for Table MET01_RECIBO
--------------------------------------------------------

  ALTER TABLE "MET01"."MET01_RECIBO" ADD CONSTRAINT "PK_REC" PRIMARY KEY ("RECIBO")
  USING INDEX PCTFREE 10 INITRANS 2 MAXTRANS 255 COMPUTE STATISTICS 
  STORAGE(INITIAL 65536 NEXT 1048576 MINEXTENTS 1 MAXEXTENTS 2147483645
  PCTINCREASE 0 FREELISTS 1 FREELIST GROUPS 1 BUFFER_POOL DEFAULT FLASH_CACHE DEFAULT CELL_FLASH_CACHE DEFAULT)
  TABLESPACE "TBSAPPJVMETRO"  ENABLE;
--------------------------------------------------------
--  Constraints for Table MET01_RECIBO_OFICINA
--------------------------------------------------------

  ALTER TABLE "MET01"."MET01_RECIBO_OFICINA" ADD CONSTRAINT "PK_REC_OFI" PRIMARY KEY ("RECIBO")
  USING INDEX PCTFREE 10 INITRANS 2 MAXTRANS 255 COMPUTE STATISTICS 
  STORAGE(INITIAL 65536 NEXT 1048576 MINEXTENTS 1 MAXEXTENTS 2147483645
  PCTINCREASE 0 FREELISTS 1 FREELIST GROUPS 1 BUFFER_POOL DEFAULT FLASH_CACHE DEFAULT CELL_FLASH_CACHE DEFAULT)
  TABLESPACE "TBSAPPJVMETRO"  ENABLE;
--------------------------------------------------------
--  Constraints for Table MET01_REGION
--------------------------------------------------------

  ALTER TABLE "MET01"."MET01_REGION" ADD CONSTRAINT "PK_REG" PRIMARY KEY ("REGION")
  USING INDEX PCTFREE 10 INITRANS 2 MAXTRANS 255 COMPUTE STATISTICS 
  STORAGE(INITIAL 65536 NEXT 1048576 MINEXTENTS 1 MAXEXTENTS 2147483645
  PCTINCREASE 0 FREELISTS 1 FREELIST GROUPS 1 BUFFER_POOL DEFAULT FLASH_CACHE DEFAULT CELL_FLASH_CACHE DEFAULT)
  TABLESPACE "TBSAPPJVMETRO"  ENABLE;
--------------------------------------------------------
--  Constraints for Table MET01_TIPO_USUARIO
--------------------------------------------------------

  ALTER TABLE "MET01"."MET01_TIPO_USUARIO" ADD CONSTRAINT "PK_TIUS" PRIMARY KEY ("TIPO_USUARIO")
  USING INDEX PCTFREE 10 INITRANS 2 MAXTRANS 255 COMPUTE STATISTICS 
  STORAGE(INITIAL 65536 NEXT 1048576 MINEXTENTS 1 MAXEXTENTS 2147483645
  PCTINCREASE 0 FREELISTS 1 FREELIST GROUPS 1 BUFFER_POOL DEFAULT FLASH_CACHE DEFAULT CELL_FLASH_CACHE DEFAULT)
  TABLESPACE "TBSAPPJVMETRO"  ENABLE;
--------------------------------------------------------
--  Constraints for Table MET01_USUARIO
--------------------------------------------------------

  ALTER TABLE "MET01"."MET01_USUARIO" ADD CONSTRAINT "PK_USUARIO" PRIMARY KEY ("USUARIO")
  USING INDEX PCTFREE 10 INITRANS 2 MAXTRANS 255 COMPUTE STATISTICS 
  STORAGE(INITIAL 65536 NEXT 1048576 MINEXTENTS 1 MAXEXTENTS 2147483645
  PCTINCREASE 0 FREELISTS 1 FREELIST GROUPS 1 BUFFER_POOL DEFAULT FLASH_CACHE DEFAULT CELL_FLASH_CACHE DEFAULT)
  TABLESPACE "TBSAPPJVMETRO"  ENABLE;
--------------------------------------------------------
--  Ref Constraints for Table MET01_IGLESIA
--------------------------------------------------------

  ALTER TABLE "MET01"."MET01_IGLESIA" ADD CONSTRAINT "FK_ENC" FOREIGN KEY ("ENCARGADO")
	  REFERENCES "MET01"."MET01_ENCARGADO" ("ENCARGADO") ENABLE;
 
  ALTER TABLE "MET01"."MET01_IGLESIA" ADD CONSTRAINT "FK_PAS" FOREIGN KEY ("PASTOR")
	  REFERENCES "MET01"."MET01_PASTOR" ("PASTOR") ENABLE;
 
  ALTER TABLE "MET01"."MET01_IGLESIA" ADD CONSTRAINT "FK_REG" FOREIGN KEY ("REGION")
	  REFERENCES "MET01"."MET01_REGION" ("REGION") ENABLE;
--------------------------------------------------------
--  Ref Constraints for Table MET01_RECIBO
--------------------------------------------------------

  ALTER TABLE "MET01"."MET01_RECIBO" ADD CONSTRAINT "FK_EVENTO" FOREIGN KEY ("EVENTO")
	  REFERENCES "MET01"."MET01_EVENTO" ("EVENTO") ENABLE;
 
  ALTER TABLE "MET01"."MET01_RECIBO" ADD CONSTRAINT "FK_IGLESIA" FOREIGN KEY ("IGLESIA")
	  REFERENCES "MET01"."MET01_IGLESIA" ("IGLESIA") ENABLE;
--------------------------------------------------------
--  Ref Constraints for Table MET01_RECIBO_OFICINA
--------------------------------------------------------

  ALTER TABLE "MET01"."MET01_RECIBO_OFICINA" ADD CONSTRAINT "FK_REC_EVE" FOREIGN KEY ("EVENTO")
	  REFERENCES "MET01"."MET01_EVENTO" ("EVENTO") ENABLE;
 
  ALTER TABLE "MET01"."MET01_RECIBO_OFICINA" ADD CONSTRAINT "FK_REC_IGLE" FOREIGN KEY ("IGLESIA")
	  REFERENCES "MET01"."MET01_IGLESIA" ("IGLESIA") ENABLE;
--------------------------------------------------------
--  Ref Constraints for Table MET01_USUARIO
--------------------------------------------------------

  ALTER TABLE "MET01"."MET01_USUARIO" ADD CONSTRAINT "FK_TIPUS" FOREIGN KEY ("TIPO_USUARIO")
	  REFERENCES "MET01"."MET01_TIPO_USUARIO" ("TIPO_USUARIO") ENABLE;
